zipcode,year,population
90001,2013,54760.0
90001,2014,56314.0
90001,2015,57227.0
90001,2016,57942.0
90001,2017,58738.0
90001,2018,58975.0
90001,2019,59832.0
90001,2020,58974.0
90001,2021,58245.0
90001,2022,57652.0
90001,2023,56403.0
90001,2024,56189.0
90002,2013,49475.0
90002,2014,50098.0
90002,2015,50626.0
90002,2016,51826.0
90002,2017,52856.0
90002,2018,53111.0
90002,2019,53302.0
90002,2020,53402.0
90002,2021,54384.0
90002,2022,53108.0
90002,2023,52735.0
90002,2024,52122.0
90003,2013,66200.0
90003,2014,66913.0
90003,2015,69502.0
90003,2016,70208.0
90003,2017,70490.0
90003,2018,72741.0
90003,2019,73730.0
90003,2020,74117.0
90003,2021,75190.0
90003,2022,75024.0
90003,2023,71708.0
90003,2024,70065.0
90004,2013,62760.0
90004,2014,63547.0
90004,2015,64008.0
90004,2016,63095.0
90004,2017,62733.0
90004,2018,61586.0
90004,2019,60541.0
90004,2020,61105.0
90004,2021,59621.0
90004,2022,58833.0
90004,2023,58844.0
90004,2024,58484.0
90005,2013,39548.0
90005,2014,38638.0
90005,2015,38979.0
90005,2016,39338.0
90005,2017,39562.0
90005,2018,39479.0
90005,2019,39732.0
90005,2020,38885.0
90005,2021,36910.0
90005,2022,37754.0
90005,2023,38747.0
90005,2024,39142.0
90006,2013,59498.0
90006,2014,61419.0
90006,2015,61625.0
90006,2016,61230.0
90006,2017,62329.0
90006,2018,61698.0
90006,2019,59576.0
90006,2020,58560.0
90006,2021,57136.0
90006,2022,56628.0
90006,2023,55192.0
90006,2024,55527.0
90007,2013,43173.0
90007,2014,43779.0
90007,2015,43426.0
90007,2016,41979.0
90007,2017,41221.0
90007,2018,41716.0
90007,2019,42433.0
90007,2020,42380.0
90007,2021,41270.0
90007,2022,41004.0
90007,2023,39253.0
90007,2024,38715.0
90008,2013,33280.0
90008,2014,33012.0
90008,2015,31837.0
90008,2016,32060.0
90008,2017,32359.0
90008,2018,31739.0
90008,2019,31754.0
90008,2020,31900.0
90008,2021,31046.0
90008,2022,33076.0
90008,2023,33443.0
90008,2024,33252.0
90010,2013,4133.0
90010,2014,3792.0
90010,2015,3740.0
90010,2016,3524.0
90010,2017,3759.0
90010,2018,3702.0
90010,2019,3822.0
90010,2020,4108.0
90010,2021,4313.0
90010,2022,4185.0
90010,2023,4478.0
90010,2024,4850.0
90011,2013,100882.0
90011,2014,102926.0
90011,2015,104058.0
90011,2016,104762.0
90011,2017,108051.0
90011,2018,109414.0
90011,2019,111165.0
90011,2020,110750.0
90011,2021,109511.0
90011,2022,106042.0
90011,2023,102784.0
90011,2024,100113.0
90012,2013,29528.0
90012,2014,30029.0
90012,2015,30860.0
90012,2016,32543.0
90012,2017,33783.0
90012,2018,35913.0
90012,2019,36552.0
90012,2020,37268.0
90012,2021,39709.0
90012,2022,38430.0
90012,2023,37463.0
90012,2024,37336.0
90013,2013,10256.0
90013,2014,10575.0
90013,2015,11299.0
90013,2016,11668.0
90013,2017,11957.0
90013,2018,11937.0
90013,2019,12559.0
90013,2020,13009.0
90013,2021,13413.0
90013,2022,14587.0
90013,2023,14891.0
90013,2024,14357.0
90014,2013,6008.0
90014,2014,6659.0
90014,2015,7006.0
90014,2016,7191.0
90014,2017,7408.0
90014,2018,8335.0
90014,2019,8688.0
90014,2020,9126.0
90014,2021,8547.0
90014,2022,9273.0
90014,2023,9540.0
90014,2024,10224.0
90015,2013,18358.0
90015,2014,18226.0
90015,2015,18767.0
90015,2016,19378.0
90015,2017,20187.0
90015,2018,21801.0
90015,2019,22651.0
90015,2020,23900.0
90015,2021,24228.0
90015,2022,25554.0
90015,2023,25257.0
90015,2024,24704.0
90016,2013,47273.0
90016,2014,47786.0
90016,2015,47590.0
90016,2016,47079.0
90016,2017,46303.0
90016,2018,46581.0
90016,2019,45899.0
90016,2020,46340.0
90016,2021,45884.0
90016,2022,47309.0
90016,2023,46102.0
90016,2024,46457.0
90017,2013,23755.0
90017,2014,23719.0
90017,2015,24336.0
90017,2016,25772.0
90017,2017,26390.0
90017,2018,26728.0
90017,2019,27723.0
90017,2020,27832.0
90017,2021,28433.0
90017,2022,28754.0
90017,2023,28981.0
90017,2024,30172.0
90018,2013,48498.0
90018,2014,48852.0
90018,2015,49824.0
90018,2016,51639.0
90018,2017,52287.0
90018,2018,53256.0
90018,2019,53490.0
90018,2020,52444.0
90018,2021,51388.0
90018,2022,49898.0
90018,2023,48812.0
90018,2024,48745.0
90019,2013,65408.0
90019,2014,67606.0
90019,2015,67553.0
90019,2016,68530.0
90019,2017,67415.0
90019,2018,66245.0
90019,2019,64534.0
90019,2020,62816.0
90019,2021,61061.0
90019,2022,59410.0
90019,2023,59288.0
90019,2024,59548.0
90020,2013,39866.0
90020,2014,39102.0
90020,2015,39866.0
90020,2016,40170.0
90020,2017,39191.0
90020,2018,39102.0
90020,2019,39189.0
90020,2020,39366.0
90020,2021,38124.0
90020,2022,38400.0
90020,2023,38361.0
90020,2024,38994.0
90021,2013,2940.0
90021,2014,2913.0
90021,2015,2970.0
90021,2016,2954.0
90021,2017,3158.0
90021,2018,2922.0
90021,2019,2945.0
90021,2020,3285.0
90021,2021,2724.0
90021,2022,2781.0
90021,2023,3152.0
90021,2024,2897.0
90022,2013,70147.0
90022,2014,69516.0
90022,2015,68136.0
90022,2016,67191.0
90022,2017,67446.0
90022,2018,65890.0
90022,2019,67014.0
90022,2020,66168.0
90022,2021,65110.0
90022,2022,64147.0
90022,2023,61638.0
90022,2024,60343.0
90023,2013,45126.0
90023,2014,45886.0
90023,2015,46288.0
90023,2016,46611.0
90023,2017,47229.0
90023,2018,46780.0
90023,2019,46680.0
90023,2020,46517.0
90023,2021,45732.0
90023,2022,44558.0
90023,2023,44608.0
90023,2024,43857.0
90024,2013,50964.0
90024,2014,50117.0
90024,2015,50693.0
90024,2016,49737.0
90024,2017,49718.0
90024,2018,50288.0
90024,2019,51627.0
90024,2020,52069.0
90024,2021,50611.0
90024,2022,50392.0
90024,2023,50830.0
90024,2024,51675.0
90025,2013,43555.0
90025,2014,45284.0
90025,2015,46107.0
90025,2016,46520.0
90025,2017,47453.0
90025,2018,47967.0
90025,2019,46883.0
90025,2020,47438.0
90025,2021,44608.0
90025,2022,44429.0
90025,2023,45238.0
90025,2024,46508.0
90026,2013,68726.0
90026,2014,67986.0
90026,2015,68520.0
90026,2016,67557.0
90026,2017,68609.0
90026,2018,69589.0
90026,2019,68906.0
90026,2020,67657.0
90026,2021,65921.0
90026,2022,64769.0
90026,2023,62902.0
90026,2024,62692.0
90027,2013,45942.0
90027,2014,46025.0
90027,2015,46646.0
90027,2016,46043.0
90027,2017,45616.0
90027,2018,44686.0
90027,2019,44770.0
90027,2020,45996.0
90027,2021,44678.0
90027,2022,45764.0
90027,2023,46049.0
90027,2024,46558.0
90028,2013,28151.0
90028,2014,29994.0
90028,2015,30380.0
90028,2016,31122.0
90028,2017,31054.0
90028,2018,30734.0
90028,2019,29774.0
90028,2020,31385.0
90028,2021,29887.0
90028,2022,30982.0
90028,2023,31441.0
90028,2024,32883.0
90029,2013,40208.0
90029,2014,40161.0
90029,2015,40472.0
90029,2016,40242.0
90029,2017,38843.0
90029,2018,37898.0
90029,2019,36668.0
90029,2020,36126.0
90029,2021,35037.0
90029,2022,34649.0
90029,2023,33830.0
90029,2024,33303.0
90031,2013,40052.0
90031,2014,39333.0
90031,2015,39422.0
90031,2016,38940.0
90031,2017,39103.0
90031,2018,38535.0
90031,2019,39916.0
90031,2020,39497.0
90031,2021,38533.0
90031,2022,37457.0
90031,2023,36881.0
90031,2024,36127.0
90032,2013,47784.0
90032,2014,47309.0
90032,2015,47099.0
90032,2016,47285.0
90032,2017,47766.0
90032,2018,47627.0
90032,2019,48031.0
90032,2020,47857.0
90032,2021,45298.0
90032,2022,44881.0
90032,2023,43724.0
90032,2024,43117.0
90033,2013,49049.0
90033,2014,48567.0
90033,2015,48277.0
90033,2016,49156.0
90033,2017,48841.0
90033,2018,47583.0
90033,2019,49155.0
90033,2020,49695.0
90033,2021,47495.0
90033,2022,47655.0
90033,2023,46540.0
90033,2024,45647.0
90034,2013,58703.0
90034,2014,58968.0
90034,2015,58069.0
90034,2016,57443.0
90034,2017,56070.0
90034,2018,55652.0
90034,2019,53861.0
90034,2020,56416.0
90034,2021,53321.0
90034,2022,55061.0
90034,2023,55120.0
90034,2024,57075.0
90035,2013,30999.0
90035,2014,31399.0
90035,2015,30852.0
90035,2016,30582.0
90035,2017,29920.0
90035,2018,28085.0
90035,2019,27272.0
90035,2020,27725.0
90035,2021,26411.0
90035,2022,26595.0
90035,2023,27851.0
90035,2024,29000.0
90036,2013,36101.0
90036,2014,36425.0
90036,2015,37640.0
90036,2016,37931.0
90036,2017,38116.0
90036,2018,37988.0
90036,2019,37965.0
90036,2020,38111.0
90036,2021,37596.0
90036,2022,37713.0
90036,2023,38784.0
90036,2024,39278.0
90037,2013,61845.0
90037,2014,61536.0
90037,2015,62872.0
90037,2016,61451.0
90037,2017,63238.0
90037,2018,65016.0
90037,2019,67640.0
90037,2020,67377.0
90037,2021,68885.0
90037,2022,69064.0
90037,2023,67895.0
90037,2024,65482.0
90038,2013,29836.0
90038,2014,28798.0
90038,2015,28577.0
90038,2016,28155.0
90038,2017,27957.0
90038,2018,27660.0
90038,2019,28580.0
90038,2020,28592.0
90038,2021,27995.0
90038,2022,27979.0
90038,2023,27807.0
90038,2024,27127.0
90039,2013,27049.0
90039,2014,27843.0
90039,2015,28149.0
90039,2016,28436.0
90039,2017,29092.0
90039,2018,29589.0
90039,2019,29510.0
90039,2020,29966.0
90039,2021,28839.0
90039,2022,28244.0
90039,2023,28572.0
90039,2024,28884.0
90040,2013,12696.0
90040,2014,12830.0
90040,2015,12699.0
90040,2016,12812.0
90040,2017,12925.0
90040,2018,12645.0
90040,2019,12328.0
90040,2020,12363.0
90040,2021,11844.0
90040,2022,11839.0
90040,2023,11683.0
90040,2024,11430.0
90041,2013,28203.0
90041,2014,28439.0
90041,2015,28796.0
90041,2016,28405.0
90041,2017,28651.0
90041,2018,29516.0
90041,2019,29090.0
90041,2020,29888.0
90041,2021,28956.0
90041,2022,28321.0
90041,2023,27351.0
90041,2024,27920.0
90042,2013,60623.0
90042,2014,61034.0
90042,2015,62650.0
90042,2016,63109.0
90042,2017,63788.0
90042,2018,63911.0
90042,2019,63193.0
90042,2020,60509.0
90042,2021,59658.0
90042,2022,59151.0
90042,2023,58344.0
90042,2024,56835.0
90043,2013,43527.0
90043,2014,43118.0
90043,2015,43129.0
90043,2016,44328.0
90043,2017,44571.0
90043,2018,44627.0
90043,2019,45873.0
90043,2020,46358.0
90043,2021,44272.0
90043,2022,44461.0
90043,2023,43548.0
90043,2024,42377.0
90044,2013,87590.0
90044,2014,88412.0
90044,2015,88975.0
90044,2016,90155.0
90044,2017,94680.0
90044,2018,96436.0
90044,2019,99443.0
90044,2020,99980.0
90044,2021,100225.0
90044,2022,98990.0
90044,2023,95859.0
90044,2024,94830.0
90045,2013,40272.0
90045,2014,41453.0
90045,2015,41922.0
90045,2016,41145.0
90045,2017,41420.0
90045,2018,41149.0
90045,2019,40567.0
90045,2020,39795.0
90045,2021,41411.0
90045,2022,41123.0
90045,2023,42352.0
90045,2024,41786.0
90046,2013,50499.0
90046,2014,51329.0
90046,2015,51651.0
90046,2016,50923.0
90046,2017,51615.0
90046,2018,50587.0
90046,2019,50900.0
90046,2020,49828.0
90046,2021,48749.0
90046,2022,48170.0
90046,2023,48905.0
90046,2024,48296.0
90047,2013,47533.0
90047,2014,46999.0
90047,2015,48678.0
90047,2016,48306.0
90047,2017,48491.0
90047,2018,48883.0
90047,2019,51411.0
90047,2020,51057.0
90047,2021,51494.0
90047,2022,52200.0
90047,2023,50925.0
90047,2024,50974.0
90048,2013,21316.0
90048,2014,22409.0
90048,2015,22498.0
90048,2016,22722.0
90048,2017,22860.0
90048,2018,22892.0
90048,2019,21489.0
90048,2020,21766.0
90048,2021,20504.0
90048,2022,20411.0
90048,2023,20796.0
90048,2024,21476.0
90049,2013,35310.0
90049,2014,35262.0
90049,2015,35427.0
90049,2016,35581.0
90049,2017,36362.0
90049,2018,36964.0
90049,2019,36418.0
90049,2020,36610.0
90049,2021,35853.0
90049,2022,35819.0
90049,2023,36735.0
90049,2024,37122.0
90056,2013,8536.0
90056,2014,8380.0
90056,2015,8537.0
90056,2016,8118.0
90056,2017,8014.0
90056,2018,7795.0
90056,2019,7649.0
90056,2020,8058.0
90056,2021,7956.0
90056,2022,8225.0
90056,2023,8908.0
90056,2024,8543.0
90057,2013,45392.0
90057,2014,45747.0
90057,2015,46509.0
90057,2016,48302.0
90057,2017,49389.0
90057,2018,49492.0
90057,2019,50152.0
90057,2020,49771.0
90057,2021,47604.0
90057,2022,47142.0
90057,2023,45548.0
90057,2024,46629.0
90058,2013,2980.0
90058,2014,2748.0
90058,2015,2680.0
90058,2016,2674.0
90058,2017,3189.0
90058,2018,2758.0
90058,2019,2718.0
90058,2020,3003.0
90058,2021,3659.0
90058,2022,3049.0
90058,2023,3409.0
90058,2024,3585.0
90059,2013,41831.0
90059,2014,42470.0
90059,2015,44648.0
90059,2016,46027.0
90059,2017,47351.0
90059,2018,45952.0
90059,2019,46185.0
90059,2020,42311.0
90059,2021,41315.0
90059,2022,39471.0
90059,2023,38015.0
90059,2024,37511.0
90061,2013,27457.0
90061,2014,28641.0
90061,2015,28135.0
90061,2016,27203.0
90061,2017,28003.0
90061,2018,27646.0
90061,2019,27873.0
90061,2020,28755.0
90061,2021,29992.0
90061,2022,28646.0
90061,2023,28478.0
90061,2024,30051.0
90062,2013,32450.0
90062,2014,32675.0
90062,2015,33353.0
90062,2016,33690.0
90062,2017,33627.0
90062,2018,34422.0
90062,2019,35916.0
90062,2020,35908.0
90062,2021,34277.0
90062,2022,33528.0
90062,2023,32110.0
90062,2024,32715.0
90063,2013,54160.0
90063,2014,54353.0
90063,2015,53813.0
90063,2016,54142.0
90063,2017,53556.0
90063,2018,52951.0
90063,2019,53980.0
90063,2020,53846.0
90063,2021,52954.0
90063,2022,52008.0
90063,2023,50536.0
90063,2024,48397.0
90064,2013,26103.0
90064,2014,25788.0
90064,2015,26384.0
90064,2016,27032.0
90064,2017,26007.0
90064,2018,25429.0
90064,2019,25925.0
90064,2020,25988.0
90064,2021,25161.0
90064,2022,25956.0
90064,2023,26494.0
90064,2024,26642.0
90065,2013,45242.0
90065,2014,46254.0
90065,2015,46904.0
90065,2016,46965.0
90065,2017,48420.0
90065,2018,47887.0
90065,2019,46461.0
90065,2020,47389.0
90065,2021,46432.0
90065,2022,44897.0
90065,2023,45075.0
90065,2024,44658.0
90066,2013,59031.0
90066,2014,58337.0
90066,2015,59124.0
90066,2016,59258.0
90066,2017,59747.0
90066,2018,59394.0
90066,2019,59167.0
90066,2020,58851.0
90066,2021,54913.0
90066,2022,54142.0
90066,2023,54975.0
90066,2024,56740.0
90067,2013,2312.0
90067,2014,2364.0
90067,2015,2330.0
90067,2016,2355.0
90067,2017,2235.0
90067,2018,2314.0
90067,2019,2428.0
90067,2020,2560.0
90067,2021,2483.0
90067,2022,2653.0
90067,2023,3165.0
90067,2024,3875.0
90068,2013,22043.0
90068,2014,21943.0
90068,2015,21233.0
90068,2016,21450.0
90068,2017,21726.0
90068,2018,20982.0
90068,2019,21092.0
90068,2020,21590.0
90068,2021,21127.0
90068,2022,21064.0
90068,2023,21569.0
90068,2024,21572.0
90069,2013,20731.0
90069,2014,20426.0
90069,2015,20132.0
90069,2016,20435.0
90069,2017,20401.0
90069,2018,20435.0
90069,2019,20230.0
90069,2020,20035.0
90069,2021,20185.0
90069,2022,20045.0
90069,2023,20318.0
90069,2024,20961.0
90071,2013,0.0
90071,2014,0.0
90071,2015,0.0
90071,2016,0.0
90071,2017,0.0
90071,2018,0.0
90071,2019,126.0
90071,2020,152.0
90071,2021,28.0
90071,2022,313.0
90071,2023,304.0
90071,2024,556.0
90073,2013,773.0
90073,2014,801.0
90073,2015,862.0
90073,2016,915.0
90073,2017,944.0
90073,2018,916.0
90073,2019,953.0
90073,2020,962.0
90073,2021,881.0
90073,2022,1014.0
90073,2023,1053.0
90073,2024,1079.0
90077,2013,8506.0
90077,2014,8328.0
90077,2015,8844.0
90077,2016,8912.0
90077,2017,8936.0
90077,2018,8993.0
90077,2019,8382.0
90077,2020,8328.0
90077,2021,7729.0
90077,2022,7868.0
90077,2023,8158.0
90077,2024,8386.0
90089,2013,3276.0
90089,2014,3326.0
90089,2015,3334.0
90089,2016,3680.0
90089,2017,3846.0
90089,2018,3862.0
90089,2019,3786.0
90089,2020,3740.0
90089,2021,3498.0
90089,2022,4164.0
90089,2023,4777.0
90089,2024,5462.0
90090,2013,0.0
90090,2014,0.0
90090,2015,0.0
90090,2016,0.0
90090,2017,0.0
90090,2018,0.0
90090,2019,0.0
90090,2020,0.0
90094,2013,5852.0
90094,2014,6062.0
90094,2015,6858.0
90094,2016,8072.0
90094,2017,8568.0
90094,2018,9368.0
90094,2019,9827.0
90094,2020,9065.0
90094,2021,11426.0
90094,2022,11891.0
90094,2023,12127.0
90094,2024,11764.0
90095,2013,0.0
90095,2014,0.0
90095,2015,0.0
90095,2016,0.0
90095,2017,0.0
90095,2018,0.0
90095,2019,0.0
90095,2020,0.0
90095,2021,0.0
90095,2022,0.0
90095,2023,0.0
90095,2024,0.0
90201,2013,101932.0
90201,2014,102515.0
90201,2015,102946.0
90201,2016,102786.0
90201,2017,102878.0
90201,2018,102433.0
90201,2019,101965.0
90201,2020,100512.0
90201,2021,96605.0
90201,2022,95134.0
90201,2023,93783.0
90201,2024,92763.0
90210,2013,21548.0
90210,2014,21478.0
90210,2015,22052.0
90210,2016,20957.0
90210,2017,20016.0
90210,2018,19909.0
90210,2019,19314.0
90210,2020,19229.0
90210,2021,19627.0
90210,2022,19180.0
90210,2023,19652.0
90210,2024,19004.0
90211,2013,7748.0
90211,2014,8080.0
90211,2015,7530.0
90211,2016,8129.0
90211,2017,8019.0
90211,2018,7969.0
90211,2019,8019.0
90211,2020,9211.0
90211,2021,9202.0
90211,2022,9208.0
90211,2023,8871.0
90211,2024,9120.0
90212,2013,12510.0
90212,2014,12415.0
90212,2015,12577.0
90212,2016,12915.0
90212,2017,13207.0
90212,2018,13156.0
90212,2019,13314.0
90212,2020,11878.0
90212,2021,10999.0
90212,2022,10881.0
90212,2023,10834.0
90212,2024,10728.0
90220,2013,49810.0
90220,2014,50222.0
90220,2015,50715.0
90220,2016,51271.0
90220,2017,51713.0
90220,2018,53703.0
90220,2019,52817.0
90220,2020,51042.0
90220,2021,51480.0
90220,2022,49101.0
90220,2023,49156.0
90220,2024,48354.0
90221,2013,52446.0
90221,2014,53657.0
90221,2015,54236.0
90221,2016,53922.0
90221,2017,54259.0
90221,2018,52322.0
90221,2019,51688.0
90221,2020,50928.0
90221,2021,50660.0
90221,2022,52119.0
90221,2023,50782.0
90221,2024,50659.0
90222,2013,31893.0
90222,2014,32362.0
90222,2015,31875.0
90222,2016,32195.0
90222,2017,32585.0
90222,2018,32850.0
90222,2019,33200.0
90222,2020,34547.0
90222,2021,33729.0
90222,2022,33021.0
90222,2023,32173.0
90222,2024,32340.0
90230,2013,32335.0
90230,2014,33090.0
90230,2015,31978.0
90230,2016,32692.0
90230,2017,32657.0
90230,2018,32808.0
90230,2019,32687.0
90230,2020,33135.0
90230,2021,33620.0
90230,2022,32005.0
90230,2023,31570.0
90230,2024,31009.0
90232,2013,15454.0
90232,2014,15353.0
90232,2015,15708.0
90232,2016,14810.0
90232,2017,14865.0
90232,2018,14660.0
90232,2019,14780.0
90232,2020,14921.0
90232,2021,15342.0
90232,2022,16352.0
90232,2023,16804.0
90232,2024,16554.0
90240,2013,25411.0
90240,2014,26287.0
90240,2015,26655.0
90240,2016,26426.0
90240,2017,26339.0
90240,2018,26205.0
90240,2019,26413.0
90240,2020,26801.0
90240,2021,26590.0
90240,2022,26026.0
90240,2023,25326.0
90240,2024,24853.0
90241,2013,43776.0
90241,2014,43596.0
90241,2015,43592.0
90241,2016,44815.0
90241,2017,44097.0
90241,2018,44143.0
90241,2019,43215.0
90241,2020,42759.0
90241,2021,44701.0
90241,2022,45341.0
90241,2023,45484.0
90241,2024,45319.0
90242,2013,43147.0
90242,2014,43199.0
90242,2015,43160.0
90242,2016,41982.0
90242,2017,42922.0
90242,2018,42553.0
90242,2019,42694.0
90242,2020,41703.0
90242,2021,43002.0
90242,2022,41685.0
90242,2023,40983.0
90242,2024,40767.0
90245,2013,16760.0
90245,2014,16839.0
90245,2015,16929.0
90245,2016,16901.0
90245,2017,16929.0
90245,2018,16850.0
90245,2019,16731.0
90245,2020,16575.0
90245,2021,17243.0
90245,2022,17081.0
90245,2023,16863.0
90245,2024,16769.0
90247,2013,47361.0
90247,2014,47374.0
90247,2015,48032.0
90247,2016,47706.0
90247,2017,47969.0
90247,2018,47531.0
90247,2019,48293.0
90247,2020,47507.0
90247,2021,48646.0
90247,2022,47682.0
90247,2023,47303.0
90247,2024,47053.0
90248,2013,9822.0
90248,2014,9936.0
90248,2015,10166.0
90248,2016,10592.0
90248,2017,10899.0
90248,2018,11512.0
90248,2019,11607.0
90248,2020,11425.0
90248,2021,11472.0
90248,2022,11453.0
90248,2023,11144.0
90248,2024,11235.0
90249,2013,26800.0
90249,2014,27451.0
90249,2015,26627.0
90249,2016,26795.0
90249,2017,26286.0
90249,2018,26587.0
90249,2019,26429.0
90249,2020,26192.0
90249,2021,25929.0
90249,2022,25929.0
90249,2023,25967.0
90249,2024,26290.0
90250,2013,93994.0
90250,2014,95223.0
90250,2015,95939.0
90250,2016,96987.0
90250,2017,97371.0
90250,2018,96836.0
90250,2019,97072.0
90250,2020,95115.0
90250,2021,96730.0
90250,2022,96200.0
90250,2023,94991.0
90250,2024,93826.0
90254,2013,19605.0
90254,2014,19725.0
90254,2015,19747.0
90254,2016,19726.0
90254,2017,19750.0
90254,2018,19650.0
90254,2019,19539.0
90254,2020,19147.0
90254,2021,19787.0
90254,2022,19551.0
90254,2023,19248.0
90254,2024,19063.0
90255,2013,76620.0
90255,2014,76206.0
90255,2015,76180.0
90255,2016,75770.0
90255,2017,75636.0
90255,2018,75560.0
90255,2019,75019.0
90255,2020,74390.0
90255,2021,72488.0
90255,2022,71654.0
90255,2023,70363.0
90255,2024,69349.0
90260,2013,35508.0
90260,2014,35854.0
90260,2015,35866.0
90260,2016,35569.0
90260,2017,35614.0
90260,2018,35161.0
90260,2019,34827.0
90260,2020,34540.0
90260,2021,33794.0
90260,2022,33282.0
90260,2023,32379.0
90260,2024,32075.0
90262,2013,70137.0
90262,2014,70650.0
90262,2015,71163.0
90262,2016,71197.0
90262,2017,71306.0
90262,2018,70936.0
90262,2019,70536.0
90262,2020,69369.0
90262,2021,67210.0
90262,2022,66073.0
90262,2023,64918.0
90262,2024,64235.0
90263,2013,1899.0
90263,2014,1987.0
90263,2015,1832.0
90263,2016,1887.0
90263,2017,1868.0
90263,2018,1846.0
90263,2019,1838.0
90263,2020,1813.0
90263,2021,1913.0
90263,2022,1803.0
90263,2023,1895.0
90263,2024,1856.0
90265,2013,17630.0
90265,2014,17660.0
90265,2015,18258.0
90265,2016,18394.0
90265,2017,18119.0
90265,2018,18389.0
90265,2019,17954.0
90265,2020,18028.0
90265,2021,16868.0
90265,2022,16652.0
90265,2023,15914.0
90265,2024,15918.0
90266,2013,35324.0
90266,2014,35534.0
90266,2015,35603.0
90266,2016,35573.0
90266,2017,35698.0
90266,2018,35573.0
90266,2019,35500.0
90266,2020,35064.0
90266,2021,35585.0
90266,2022,35123.0
90266,2023,34584.0
90266,2024,34210.0
90270,2013,27527.0
90270,2014,27663.0
90270,2015,27700.0
90270,2016,27575.0
90270,2017,27597.0
90270,2018,27454.0
90270,2019,27287.0
90270,2020,27127.0
90270,2021,25415.0
90270,2022,24950.0
90270,2023,24522.0
90270,2024,24218.0
90272,2013,22779.0
90272,2014,23497.0
90272,2015,23934.0
90272,2016,23151.0
90272,2017,22927.0
90272,2018,22551.0
90272,2019,21629.0
90272,2020,21848.0
90272,2021,21282.0
90272,2022,21298.0
90272,2023,21438.0
90272,2024,21390.0
90274,2013,25339.0
90274,2014,25482.0
90274,2015,25778.0
90274,2016,25503.0
90274,2017,25374.0
90274,2018,25279.0
90274,2019,25061.0
90274,2020,24541.0
90274,2021,24890.0
90274,2022,24942.0
90274,2023,24988.0
90274,2024,25059.0
90275,2013,42051.0
90275,2014,42420.0
90275,2015,42593.0
90275,2016,42545.0
90275,2017,42606.0
90275,2018,42421.0
90275,2019,42146.0
90275,2020,41731.0
90275,2021,42417.0
90275,2022,41941.0
90275,2023,41367.0
90275,2024,40945.0
90277,2013,34635.0
90277,2014,34546.0
90277,2015,35178.0
90277,2016,35204.0
90277,2017,34922.0
90277,2018,34506.0
90277,2019,34827.0
90277,2020,34494.0
90277,2021,36409.0
90277,2022,36339.0
90277,2023,35391.0
90277,2024,34844.0
90278,2013,40574.0
90278,2014,40839.0
90278,2015,40485.0
90278,2016,40582.0
90278,2017,40808.0
90278,2018,40649.0
90278,2019,40252.0
90278,2020,40090.0
90278,2021,42841.0
90278,2022,42536.0
90278,2023,42536.0
90278,2024,42423.0
90280,2013,95000.0
90280,2014,95515.0
90280,2015,95350.0
90280,2016,95219.0
90280,2017,95420.0
90280,2018,95103.0
90280,2019,94642.0
90280,2020,94905.0
90280,2021,93207.0
90280,2022,92262.0
90280,2023,91719.0
90280,2024,91365.0
90290,2013,7093.0
90290,2014,6902.0
90290,2015,6478.0
90290,2016,5974.0
90290,2017,5714.0
90290,2018,5371.0
90290,2019,5681.0
90290,2020,5200.0
90290,2021,5114.0
90290,2022,5300.0
90290,2023,5948.0
90290,2024,6315.0
90291,2013,27253.0
90291,2014,27803.0
90291,2015,27167.0
90291,2016,27277.0
90291,2017,27170.0
90291,2018,27525.0
90291,2019,26950.0
90291,2020,27556.0
90291,2021,25685.0
90291,2022,25656.0
90291,2023,25738.0
90291,2024,26324.0
90292,2013,21536.0
90292,2014,21507.0
90292,2015,21679.0
90292,2016,22482.0
90292,2017,22328.0
90292,2018,22490.0
90292,2019,23549.0
90292,2020,23931.0
90292,2021,23951.0
90292,2022,24481.0
90292,2023,23684.0
90292,2024,23982.0
90293,2013,12403.0
90293,2014,11997.0
90293,2015,12458.0
90293,2016,12649.0
90293,2017,12762.0
90293,2018,12694.0
90293,2019,12728.0
90293,2020,12915.0
90293,2021,12812.0
90293,2022,13039.0
90293,2023,12784.0
90293,2024,12655.0
90301,2013,36798.0
90301,2014,36714.0
90301,2015,36360.0
90301,2016,36429.0
90301,2017,37518.0
90301,2018,37291.0
90301,2019,38234.0
90301,2020,39320.0
90301,2021,38500.0
90301,2022,37341.0
90301,2023,36428.0
90301,2024,36060.0
90302,2013,30502.0
90302,2014,30219.0
90302,2015,30482.0
90302,2016,31064.0
90302,2017,30892.0
90302,2018,30828.0
90302,2019,30017.0
90302,2020,29367.0
90302,2021,29278.0
90302,2022,29307.0
90302,2023,28871.0
90302,2024,29003.0
90303,2013,26339.0
90303,2014,26453.0
90303,2015,26408.0
90303,2016,25134.0
90303,2017,24658.0
90303,2018,24693.0
90303,2019,24374.0
90303,2020,23961.0
90303,2021,23415.0
90303,2022,23370.0
90303,2023,23169.0
90303,2024,22727.0
90304,2013,28101.0
90304,2014,26936.0
90304,2015,26854.0
90304,2016,27008.0
90304,2017,25937.0
90304,2018,25591.0
90304,2019,25946.0
90304,2020,26584.0
90304,2021,26103.0
90304,2022,25725.0
90304,2023,26215.0
90304,2024,25430.0
90305,2013,14814.0
90305,2014,15501.0
90305,2015,15665.0
90305,2016,15777.0
90305,2017,15574.0
90305,2018,15397.0
90305,2019,15042.0
90305,2020,15373.0
90305,2021,15254.0
90305,2022,14679.0
90305,2023,14612.0
90305,2024,14708.0
90401,2013,6821.0
90401,2014,7035.0
90401,2015,7297.0
90401,2016,7621.0
90401,2017,7485.0
90401,2018,7256.0
90401,2019,7111.0
90401,2020,7079.0
90401,2021,7482.0
90401,2022,7480.0
90401,2023,7925.0
90401,2024,8101.0
90402,2013,11749.0
90402,2014,11503.0
90402,2015,11661.0
90402,2016,11410.0
90402,2017,11681.0
90402,2018,11866.0
90402,2019,11882.0
90402,2020,11637.0
90402,2021,12046.0
90402,2022,11816.0
90402,2023,11178.0
90402,2024,11337.0
90403,2013,24864.0
90403,2014,25116.0
90403,2015,24416.0
90403,2016,24539.0
90403,2017,24764.0
90403,2018,24354.0
90403,2019,23902.0
90403,2020,24359.0
90403,2021,24525.0
90403,2022,24092.0
90403,2023,25087.0
90403,2024,23867.0
90404,2013,20807.0
90404,2014,21641.0
90404,2015,22081.0
90404,2016,22201.0
90404,2017,22586.0
90404,2018,22819.0
90404,2019,22929.0
90404,2020,23107.0
90404,2021,23460.0
90404,2022,23975.0
90404,2023,22881.0
90404,2024,22978.0
90405,2013,28560.0
90405,2014,28535.0
90405,2015,28915.0
90405,2016,28861.0
90405,2017,28305.0
90405,2018,28115.0
90405,2019,28156.0
90405,2020,27509.0
90405,2021,27367.0
90405,2022,26981.0
90405,2023,26809.0
90405,2024,27298.0
90501,2013,42373.0
90501,2014,43407.0
90501,2015,43145.0
90501,2016,43405.0
90501,2017,43008.0
90501,2018,42335.0
90501,2019,41975.0
90501,2020,42298.0
90501,2021,43450.0
90501,2022,42536.0
90501,2023,41319.0
90501,2024,41787.0
90502,2013,16947.0
90502,2014,17135.0
90502,2015,17585.0
90502,2016,17855.0
90502,2017,18010.0
90502,2018,18188.0
90502,2019,17778.0
90502,2020,18527.0
90502,2021,18110.0
90502,2022,18430.0
90502,2023,18114.0
90502,2024,18467.0
90503,2013,46780.0
90503,2014,45518.0
90503,2015,45986.0
90503,2016,44562.0
90503,2017,45349.0
90503,2018,44908.0
90503,2019,44605.0
90503,2020,44354.0
90503,2021,44744.0
90503,2022,44280.0
90503,2023,43764.0
90503,2024,43454.0
90504,2013,31633.0
90504,2014,32777.0
90504,2015,33279.0
90504,2016,33609.0
90504,2017,33422.0
90504,2018,33721.0
90504,2019,33410.0
90504,2020,32703.0
90504,2021,33022.0
90504,2022,32965.0
90504,2023,33321.0
90504,2024,33084.0
90505,2013,36306.0
90505,2014,37381.0
90505,2015,36904.0
90505,2016,37242.0
90505,2017,37368.0
90505,2018,37641.0
90505,2019,37220.0
90505,2020,36820.0
90505,2021,37533.0
90505,2022,36214.0
90505,2023,35605.0
90505,2024,35148.0
90506,2013,0.0
90506,2014,0.0
90506,2015,0.0
90506,2016,0.0
90506,2017,0.0
90506,2018,0.0
90506,2019,0.0
90506,2020,0.0
90506,2021,0.0
90506,2022,0.0
90506,2023,0.0
90506,2024,0.0
90601,2013,33145.0
90601,2014,34143.0
90601,2015,34203.0
90601,2016,34169.0
90601,2017,34025.0
90601,2018,33058.0
90601,2019,32053.0
90601,2020,30623.0
90601,2021,30955.0
90601,2022,30667.0
90601,2023,30472.0
90601,2024,30078.0
90602,2013,25768.0
90602,2014,26676.0
90602,2015,27421.0
90602,2016,26778.0
90602,2017,26482.0
90602,2018,25981.0
90602,2019,25581.0
90602,2020,25426.0
90602,2021,25907.0
90602,2022,25949.0
90602,2023,25823.0
90602,2024,25905.0
90603,2013,20083.0
90603,2014,20475.0
90603,2015,20221.0
90603,2016,20325.0
90603,2017,20697.0
90603,2018,21299.0
90603,2019,21584.0
90603,2020,20780.0
90603,2021,21236.0
90603,2022,20883.0
90603,2023,20361.0
90603,2024,21118.0
90604,2013,40661.0
90604,2014,39541.0
90604,2015,40977.0
90604,2016,41371.0
90604,2017,41369.0
90604,2018,42063.0
90604,2019,42911.0
90604,2020,40545.0
90604,2021,39926.0
90604,2022,39795.0
90604,2023,39378.0
90604,2024,39276.0
90605,2013,42017.0
90605,2014,42103.0
90605,2015,41643.0
90605,2016,41305.0
90605,2017,41818.0
90605,2018,40957.0
90605,2019,40192.0
90605,2020,41162.0
90605,2021,42600.0
90605,2022,41427.0
90605,2023,39224.0
90605,2024,39387.0
90606,2013,32791.0
90606,2014,32978.0
90606,2015,32697.0
90606,2016,32499.0
90606,2017,32599.0
90606,2018,32803.0
90606,2019,32987.0
90606,2020,32631.0
90606,2021,32583.0
90606,2022,31717.0
90606,2023,31881.0
90606,2024,32057.0
90623,2013,15689.0
90623,2014,15767.0
90623,2015,15839.0
90623,2016,15886.0
90623,2017,15882.0
90623,2018,15813.0
90623,2019,15662.0
90623,2020,15624.0
90623,2021,15703.0
90623,2022,15419.0
90623,2023,15369.0
90623,2024,15545.0
90630,2013,48590.0
90630,2014,48844.0
90630,2015,49145.0
90630,2016,49093.0
90630,2017,49249.0
90630,2018,49169.0
90630,2019,49205.0
90630,2020,49378.0
90630,2021,50543.0
90630,2022,50170.0
90630,2023,49565.0
90630,2024,49318.0
90631,2013,68065.0
90631,2014,68899.0
90631,2015,69151.0
90631,2016,68971.0
90631,2017,69579.0
90631,2018,69502.0
90631,2019,69064.0
90631,2020,68748.0
90631,2021,69601.0
90631,2022,69064.0
90631,2023,68615.0
90631,2024,68309.0
90638,2013,49222.0
90638,2014,49543.0
90638,2015,49819.0
90638,2016,49876.0
90638,2017,49797.0
90638,2018,49383.0
90638,2019,49227.0
90638,2020,48704.0
90638,2021,46335.0
90638,2022,46170.0
90638,2023,45714.0
90638,2024,45933.0
90639,2021,2103.0
90639,2022,1833.0
90639,2023,1714.0
90639,2024,1671.0
90640,2013,63016.0
90640,2014,63400.0
90640,2015,63521.0
90640,2016,63461.0
90640,2017,63547.0
90640,2018,63177.0
90640,2019,62730.0
90640,2020,62873.0
90640,2021,62941.0
90640,2022,62294.0
90640,2023,61615.0
90640,2024,61382.0
90650,2013,105940.0
90650,2014,106521.0
90650,2015,106659.0
90650,2016,106360.0
90650,2017,106404.0
90650,2018,105886.0
90650,2019,105304.0
90650,2020,104524.0
90650,2021,103427.0
90650,2022,101983.0
90650,2023,100808.0
90650,2024,99900.0
90660,2013,63310.0
90660,2014,63686.0
90660,2015,63815.0
90660,2016,63684.0
90660,2017,63694.0
90660,2018,63380.0
90660,2019,63001.0
90660,2020,62507.0
90660,2021,62383.0
90660,2022,61561.0
90660,2023,60821.0
90660,2024,60272.0
90670,2013,15489.0
90670,2014,15594.0
90670,2015,15998.0
90670,2016,16266.0
90670,2017,16642.0
90670,2018,16578.0
90670,2019,16700.0
90670,2020,16410.0
90670,2021,17446.0
90670,2022,17556.0
90670,2023,18255.0
90670,2024,17851.0
90701,2013,16657.0
90701,2014,16698.0
90701,2015,16785.0
90701,2016,16842.0
90701,2017,16912.0
90701,2018,16858.0
90701,2019,16801.0
90701,2020,16500.0
90701,2021,16390.0
90701,2022,16237.0
90701,2023,16044.0
90701,2024,15889.0
90703,2013,49526.0
90703,2014,50069.0
90703,2015,50276.0
90703,2016,50442.0
90703,2017,50877.0
90703,2018,50963.0
90703,2019,50589.0
90703,2020,49633.0
90703,2021,49989.0
90703,2022,49334.0
90703,2023,48607.0
90703,2024,48108.0
90704,2013,3960.0
90704,2014,3952.0
90704,2015,3906.0
90704,2016,3912.0
90704,2017,3940.0
90704,2018,3922.0
90704,2019,3979.0
90704,2020,4201.0
90704,2021,3940.0
90704,2022,3822.0
90704,2023,3764.0
90704,2024,3421.0
90706,2013,76989.0
90706,2014,77455.0
90706,2015,77756.0
90706,2016,77687.0
90706,2017,77852.0
90706,2018,77529.0
90706,2019,77195.0
90706,2020,76339.0
90706,2021,79070.0
90706,2022,78352.0
90706,2023,77396.0
90706,2024,76819.0
90710,2013,26830.0
90710,2014,27550.0
90710,2015,27457.0
90710,2016,27914.0
90710,2017,28667.0
90710,2018,28185.0
90710,2019,28045.0
90710,2020,28566.0
90710,2021,27998.0
90710,2022,27517.0
90710,2023,26777.0
90710,2024,26761.0
90712,2013,31710.0
90712,2014,32015.0
90712,2015,32451.0
90712,2016,31722.0
90712,2017,31471.0
90712,2018,31063.0
90712,2019,31217.0
90712,2020,30773.0
90712,2021,31701.0
90712,2022,31552.0
90712,2023,30672.0
90712,2024,30800.0
90713,2013,27653.0
90713,2014,28411.0
90713,2015,28699.0
90713,2016,28833.0
90713,2017,28927.0
90713,2018,29061.0
90713,2019,28202.0
90713,2020,27905.0
90713,2021,29113.0
90713,2022,28439.0
90713,2023,28583.0
90713,2024,28221.0
90715,2013,20953.0
90715,2014,20283.0
90715,2015,19753.0
90715,2016,20064.0
90715,2017,20313.0
90715,2018,20136.0
90715,2019,20256.0
90715,2020,20505.0
90715,2021,21174.0
90715,2022,20949.0
90715,2023,20668.0
90715,2024,20182.0
90716,2013,14280.0
90716,2014,14358.0
90716,2015,14382.0
90716,2016,14383.0
90716,2017,14409.0
90716,2018,14344.0
90716,2019,14285.0
90716,2020,14170.0
90716,2021,14050.0
90716,2022,13941.0
90716,2023,13743.0
90716,2024,13599.0
90717,2013,21459.0
90717,2014,21612.0
90717,2015,21816.0
90717,2016,21658.0
90717,2017,21740.0
90717,2018,21696.0
90717,2019,21508.0
90717,2020,20919.0
90717,2021,21727.0
90717,2022,21788.0
90717,2023,21319.0
90717,2024,21482.0
90723,2013,54468.0
90723,2014,54813.0
90723,2015,55023.0
90723,2016,54941.0
90723,2017,55020.0
90723,2018,54776.0
90723,2019,54513.0
90723,2020,53949.0
90723,2021,53938.0
90723,2022,53286.0
90723,2023,52546.0
90723,2024,52050.0
90731,2013,61432.0
90731,2014,62348.0
90731,2015,62028.0
90731,2016,61046.0
90731,2017,61789.0
90731,2018,61850.0
90731,2019,60659.0
90731,2020,60813.0
90731,2021,62647.0
90731,2022,63431.0
90731,2023,62452.0
90731,2024,61944.0
90732,2013,19651.0
90732,2014,19810.0
90732,2015,21417.0
90732,2016,21763.0
90732,2017,22408.0
90732,2018,22273.0
90732,2019,22780.0
90732,2020,22561.0
90732,2021,21582.0
90732,2022,22078.0
90732,2023,23104.0
90732,2024,23067.0
90744,2013,57358.0
90744,2014,58061.0
90744,2015,57963.0
90744,2016,57432.0
90744,2017,56779.0
90744,2018,57206.0
90744,2019,56880.0
90744,2020,56450.0
90744,2021,57030.0
90744,2022,54277.0
90744,2023,53678.0
90744,2024,52800.0
90745,2013,58162.0
90745,2014,57727.0
90745,2015,58186.0
90745,2016,57785.0
90745,2017,57219.0
90745,2018,56821.0
90745,2019,56930.0
90745,2020,55567.0
90745,2021,58327.0
90745,2022,58735.0
90745,2023,57952.0
90745,2024,57397.0
90746,2013,26276.0
90746,2014,26738.0
90746,2015,26523.0
90746,2016,26584.0
90746,2017,26852.0
90746,2018,26996.0
90746,2019,27075.0
90746,2020,27458.0
90746,2021,28067.0
90746,2022,27643.0
90746,2023,27465.0
90746,2024,27091.0
90747,2013,0.0
90747,2014,0.0
90747,2015,0.0
90747,2016,0.0
90747,2017,0.0
90747,2018,0.0
90747,2019,0.0
90747,2020,0.0
90747,2021,35.0
90747,2022,25.0
90747,2023,17.0
90747,2024,11.0
90755,2013,11260.0
90755,2014,11400.0
90755,2015,11440.0
90755,2016,11491.0
90755,2017,11581.0
90755,2018,11555.0
90755,2019,11545.0
90755,2020,11458.0
90755,2021,11813.0
90755,2022,11764.0
90755,2023,11654.0
90755,2024,11521.0
90802,2013,39297.0
90802,2014,38816.0
90802,2015,39155.0
90802,2016,39873.0
90802,2017,40226.0
90802,2018,39453.0
90802,2019,38962.0
90802,2020,39165.0
90802,2021,39036.0
90802,2022,40012.0
90802,2023,39859.0
90802,2024,40434.0
90803,2013,30563.0
90803,2014,30805.0
90803,2015,31709.0
90803,2016,31680.0
90803,2017,32116.0
90803,2018,32389.0
90803,2019,32126.0
90803,2020,32241.0
90803,2021,32631.0
90803,2022,31659.0
90803,2023,31804.0
90803,2024,31526.0
90804,2013,40472.0
90804,2014,40679.0
90804,2015,41007.0
90804,2016,40751.0
90804,2017,40225.0
90804,2018,39344.0
90804,2019,39239.0
90804,2020,38151.0
90804,2021,37953.0
90804,2022,37299.0
90804,2023,38306.0
90804,2024,38076.0
90805,2013,92991.0
90805,2014,94561.0
90805,2015,95127.0
90805,2016,95808.0
90805,2017,96069.0
90805,2018,96708.0
90805,2019,95995.0
90805,2020,95094.0
90805,2021,96840.0
90805,2022,96515.0
90805,2023,94631.0
90805,2024,92402.0
90806,2013,43176.0
90806,2014,43140.0
90806,2015,42498.0
90806,2016,42312.0
90806,2017,42587.0
90806,2018,42817.0
90806,2019,41990.0
90806,2020,41280.0
90806,2021,41571.0
90806,2022,40688.0
90806,2023,39972.0
90806,2024,41664.0
90807,2013,32645.0
90807,2014,33726.0
90807,2015,33763.0
90807,2016,33217.0
90807,2017,32395.0
90807,2018,32067.0
90807,2019,32202.0
90807,2020,32699.0
90807,2021,32994.0
90807,2022,33153.0
90807,2023,33320.0
90807,2024,33101.0
90808,2013,40016.0
90808,2014,39834.0
90808,2015,39428.0
90808,2016,38637.0
90808,2017,38487.0
90808,2018,38860.0
90808,2019,39330.0
90808,2020,39602.0
90808,2021,39723.0
90808,2022,39698.0
90808,2023,39351.0
90808,2024,39317.0
90810,2013,36113.0
90810,2014,36736.0
90810,2015,36936.0
90810,2016,37422.0
90810,2017,38769.0
90810,2018,38579.0
90810,2019,37251.0
90810,2020,36657.0
90810,2021,37451.0
90810,2022,36306.0
90810,2023,35648.0
90810,2024,35833.0
90813,2013,59178.0
90813,2014,60017.0
90813,2015,60078.0
90813,2016,60997.0
90813,2017,60935.0
90813,2018,59000.0
90813,2019,58380.0
90813,2020,56726.0
90813,2021,56420.0
90813,2022,53647.0
90813,2023,51689.0
90813,2024,51241.0
90814,2013,18937.0
90814,2014,18789.0
90814,2015,19264.0
90814,2016,18760.0
90814,2017,18175.0
90814,2018,18587.0
90814,2019,19685.0
90814,2020,18714.0
90814,2021,19166.0
90814,2022,20723.0
90814,2023,20676.0
90814,2024,19471.0
90815,2013,40966.0
90815,2014,40572.0
90815,2015,40462.0
90815,2016,39822.0
90815,2017,40359.0
90815,2018,41026.0
90815,2019,41312.0
90815,2020,41854.0
90815,2021,43092.0
90815,2022,42759.0
90815,2023,43461.0
90815,2024,43023.0
90822,2013,176.0
90822,2014,169.0
90822,2015,152.0
90822,2016,148.0
90822,2017,143.0
90822,2018,139.0
90822,2019,133.0
90822,2020,133.0
90822,2021,117.0
90822,2022,125.0
90822,2023,93.0
90822,2024,93.0
90831,2013,0.0
90831,2014,0.0
90831,2015,0.0
90831,2016,0.0
90831,2017,0.0
90831,2018,0.0
90831,2019,0.0
90831,2020,0.0
90831,2021,0.0
90831,2022,0.0
90831,2023,0.0
90831,2024,0.0
90840,2021,0.0
90840,2022,0.0
90840,2023,0.0
90840,2024,0.0
91001,2013,37832.0
91001,2014,37481.0
91001,2015,37163.0
91001,2016,37699.0
91001,2017,37528.0
91001,2018,37711.0
91001,2019,37818.0
91001,2020,36697.0
91001,2021,36867.0
91001,2022,36420.0
91001,2023,36402.0
91001,2024,35475.0
91006,2013,32271.0
91006,2014,32392.0
91006,2015,31728.0
91006,2016,32106.0
91006,2017,33200.0
91006,2018,33012.0
91006,2019,32958.0
91006,2020,32526.0
91006,2021,32499.0
91006,2022,31986.0
91006,2023,32106.0
91006,2024,31582.0
91007,2013,33586.0
91007,2014,34198.0
91007,2015,34598.0
91007,2016,34619.0
91007,2017,34357.0
91007,2018,34523.0
91007,2019,34116.0
91007,2020,33827.0
91007,2021,33689.0
91007,2022,33367.0
91007,2023,33141.0
91007,2024,33029.0
91008,2013,1217.0
91008,2014,1149.0
91008,2015,1132.0
91008,2016,1203.0
91008,2017,1191.0
91008,2018,1141.0
91008,2019,1084.0
91008,2020,1079.0
91008,2021,774.0
91008,2022,744.0
91008,2023,754.0
91008,2024,743.0
91010,2013,24708.0
91010,2014,25797.0
91010,2015,25840.0
91010,2016,26000.0
91010,2017,26265.0
91010,2018,26601.0
91010,2019,26380.0
91010,2020,26516.0
91010,2021,27008.0
91010,2022,26825.0
91010,2023,27245.0
91010,2024,27589.0
91011,2013,20590.0
91011,2014,20671.0
91011,2015,20721.0
91011,2016,20679.0
91011,2017,20499.0
91011,2018,20423.0
91011,2019,20301.0
91011,2020,20174.0
91011,2021,20621.0
91011,2022,20389.0
91011,2023,20094.0
91011,2024,19935.0
91016,2013,41985.0
91016,2014,42235.0
91016,2015,42090.0
91016,2016,41901.0
91016,2017,42013.0
91016,2018,41671.0
91016,2019,41105.0
91016,2020,41582.0
91016,2021,41507.0
91016,2022,41822.0
91016,2023,41710.0
91016,2024,41140.0
91020,2013,8585.0
91020,2014,9249.0
91020,2015,8438.0
91020,2016,8448.0
91020,2017,8551.0
91020,2018,8720.0
91020,2019,8633.0
91020,2020,8785.0
91020,2021,7869.0
91020,2022,7509.0
91020,2023,7265.0
91020,2024,7532.0
91024,2013,10983.0
91024,2014,11060.0
91024,2015,11084.0
91024,2016,11067.0
91024,2017,11061.0
91024,2018,11006.0
91024,2019,10932.0
91024,2020,10829.0
91024,2021,11253.0
91024,2022,11151.0
91024,2023,11020.0
91024,2024,10940.0
91030,2013,25747.0
91030,2014,25914.0
91030,2015,25967.0
91030,2016,25905.0
91030,2017,25940.0
91030,2018,25794.0
91030,2019,25637.0
91030,2020,25478.0
91030,2021,26837.0
91030,2022,26583.0
91030,2023,26297.0
91030,2024,26068.0
91040,2013,19296.0
91040,2014,20017.0
91040,2015,19969.0
91040,2016,19587.0
91040,2017,20175.0
91040,2018,20207.0
91040,2019,20049.0
91040,2020,20606.0
91040,2021,21289.0
91040,2022,20911.0
91040,2023,21436.0
91040,2024,20821.0
91042,2013,28725.0
91042,2014,28126.0
91042,2015,27298.0
91042,2016,27164.0
91042,2017,26767.0
91042,2018,26631.0
91042,2019,26966.0
91042,2020,26617.0
91042,2021,26686.0
91042,2022,27119.0
91042,2023,27055.0
91042,2024,26928.0
91046,2013,176.0
91046,2014,168.0
91046,2015,175.0
91046,2016,125.0
91046,2017,160.0
91046,2018,143.0
91046,2019,158.0
91046,2020,191.0
91046,2021,194.0
91046,2022,141.0
91046,2023,142.0
91046,2024,115.0
91101,2013,21378.0
91101,2014,21098.0
91101,2015,20936.0
91101,2016,20761.0
91101,2017,20719.0
91101,2018,21394.0
91101,2019,21395.0
91101,2020,21920.0
91101,2021,19542.0
91101,2022,19737.0
91101,2023,20814.0
91101,2024,21165.0
91103,2013,26984.0
91103,2014,27684.0
91103,2015,27819.0
91103,2016,28124.0
91103,2017,28435.0
91103,2018,28425.0
91103,2019,27659.0
91103,2020,26837.0
91103,2021,26909.0
91103,2022,27167.0
91103,2023,24910.0
91103,2024,25142.0
91104,2013,37590.0
91104,2014,38421.0
91104,2015,38976.0
91104,2016,38725.0
91104,2017,39178.0
91104,2018,37974.0
91104,2019,37874.0
91104,2020,37784.0
91104,2021,37619.0
91104,2022,35918.0
91104,2023,35595.0
91104,2024,35937.0
91105,2013,11401.0
91105,2014,11373.0
91105,2015,11413.0
91105,2016,11728.0
91105,2017,11907.0
91105,2018,12191.0
91105,2019,12617.0
91105,2020,12648.0
91105,2021,12888.0
91105,2022,12692.0
91105,2023,12546.0
91105,2024,12531.0
91106,2013,24355.0
91106,2014,24861.0
91106,2015,25243.0
91106,2016,24875.0
91106,2017,25479.0
91106,2018,25375.0
91106,2019,25543.0
91106,2020,25205.0
91106,2021,23589.0
91106,2022,23813.0
91106,2023,23217.0
91106,2024,23910.0
91107,2013,32415.0
91107,2014,31828.0
91107,2015,31722.0
91107,2016,32027.0
91107,2017,32199.0
91107,2018,32364.0
91107,2019,32503.0
91107,2020,33481.0
91107,2021,33148.0
91107,2022,32581.0
91107,2023,32944.0
91107,2024,32316.0
91108,2013,13540.0
91108,2014,13613.0
91108,2015,13654.0
91108,2016,13675.0
91108,2017,13769.0
91108,2018,13538.0
91108,2019,13375.0
91108,2020,13175.0
91108,2021,12755.0
91108,2022,12559.0
91108,2023,12464.0
91108,2024,12401.0
91125,2021,925.0
91125,2022,996.0
91125,2023,968.0
91125,2024,1000.0
91201,2013,23272.0
91201,2014,22985.0
91201,2015,23092.0
91201,2016,23510.0
91201,2017,23466.0
91201,2018,23619.0
91201,2019,23281.0
91201,2020,22786.0
91201,2021,22807.0
91201,2022,22163.0
91201,2023,22261.0
91201,2024,22394.0
91202,2013,22610.0
91202,2014,23007.0
91202,2015,23148.0
91202,2016,23219.0
91202,2017,23182.0
91202,2018,23317.0
91202,2019,23345.0
91202,2020,23399.0
91202,2021,22757.0
91202,2022,22831.0
91202,2023,22258.0
91202,2024,22504.0
91203,2013,13213.0
91203,2014,13740.0
91203,2015,13680.0
91203,2016,14051.0
91203,2017,14393.0
91203,2018,15000.0
91203,2019,15410.0
91203,2020,15794.0
91203,2021,16557.0
91203,2022,16679.0
91203,2023,16482.0
91203,2024,16856.0
91204,2013,15924.0
91204,2014,16292.0
91204,2015,17053.0
91204,2016,17681.0
91204,2017,18318.0
91204,2018,18720.0
91204,2019,18723.0
91204,2020,18950.0
91204,2021,18738.0
91204,2022,18445.0
91204,2023,18847.0
91204,2024,17857.0
91205,2013,38504.0
91205,2014,38138.0
91205,2015,38322.0
91205,2016,37664.0
91205,2017,37514.0
91205,2018,37618.0
91205,2019,37638.0
91205,2020,37549.0
91205,2021,36367.0
91205,2022,35755.0
91205,2023,34890.0
91205,2024,34254.0
91206,2013,33014.0
91206,2014,33706.0
91206,2015,34038.0
91206,2016,34247.0
91206,2017,34938.0
91206,2018,34386.0
91206,2019,34739.0
91206,2020,33781.0
91206,2021,32570.0
91206,2022,32294.0
91206,2023,32330.0
91206,2024,31961.0
91207,2013,10435.0
91207,2014,10334.0
91207,2015,10359.0
91207,2016,10071.0
91207,2017,10288.0
91207,2018,11371.0
91207,2019,11031.0
91207,2020,11318.0
91207,2021,11488.0
91207,2022,11091.0
91207,2023,10626.0
91207,2024,10438.0
91208,2013,15962.0
91208,2014,16548.0
91208,2015,17164.0
91208,2016,17180.0
91208,2017,17128.0
91208,2018,16049.0
91208,2019,15860.0
91208,2020,15146.0
91208,2021,15316.0
91208,2022,15377.0
91208,2023,15467.0
91208,2024,15969.0
91210,2013,651.0
91210,2014,614.0
91210,2015,727.0
91210,2016,886.0
91210,2017,835.0
91210,2018,689.0
91210,2019,529.0
91210,2020,352.0
91210,2021,244.0
91210,2022,310.0
91210,2023,334.0
91210,2024,312.0
91214,2013,31653.0
91214,2014,31078.0
91214,2015,30965.0
91214,2016,30935.0
91214,2017,30991.0
91214,2018,30654.0
91214,2019,30787.0
91214,2020,31668.0
91214,2021,32009.0
91214,2022,32344.0
91214,2023,31707.0
91214,2024,30817.0
91301,2013,26218.0
91301,2014,26439.0
91301,2015,26293.0
91301,2016,26007.0
91301,2017,26028.0
91301,2018,25631.0
91301,2019,26334.0
91301,2020,26021.0
91301,2021,25737.0
91301,2022,25244.0
91301,2023,24477.0
91301,2024,23879.0
91302,2013,25070.0
91302,2014,25165.0
91302,2015,25431.0
91302,2016,25906.0
91302,2017,26500.0
91302,2018,26634.0
91302,2019,26712.0
91302,2020,26961.0
91302,2021,26241.0
91302,2022,26318.0
91302,2023,26205.0
91302,2024,25569.0
91303,2013,26744.0
91303,2014,27827.0
91303,2015,29471.0
91303,2016,29668.0
91303,2017,30380.0
91303,2018,31053.0
91303,2019,31586.0
91303,2020,31024.0
91303,2021,29965.0
91303,2022,30611.0
91303,2023,29522.0
91303,2024,29805.0
91304,2013,53194.0
91304,2014,53517.0
91304,2015,53853.0
91304,2016,52846.0
91304,2017,53627.0
91304,2018,53761.0
91304,2019,54361.0
91304,2020,53637.0
91304,2021,54264.0
91304,2022,54369.0
91304,2023,53794.0
91304,2024,52474.0
91306,2013,47879.0
91306,2014,48707.0
91306,2015,49532.0
91306,2016,49043.0
91306,2017,49551.0
91306,2018,49158.0
91306,2019,49678.0
91306,2020,50319.0
91306,2021,49260.0
91306,2022,49460.0
91306,2023,48177.0
91306,2024,47176.0
91307,2013,25496.0
91307,2014,25597.0
91307,2015,26219.0
91307,2016,26703.0
91307,2017,27233.0
91307,2018,26595.0
91307,2019,26341.0
91307,2020,25794.0
91307,2021,25773.0
91307,2022,25368.0
91307,2023,25823.0
91307,2024,26580.0
91311,2013,38117.0
91311,2014,37769.0
91311,2015,38505.0
91311,2016,38479.0
91311,2017,40064.0
91311,2018,40420.0
91311,2019,40839.0
91311,2020,41811.0
91311,2021,41188.0
91311,2022,40196.0
91311,2023,40557.0
91311,2024,40898.0
91316,2013,27736.0
91316,2014,28190.0
91316,2015,28837.0
91316,2016,29485.0
91316,2017,30888.0
91316,2018,29964.0
91316,2019,30499.0
91316,2020,30412.0
91316,2021,28182.0
91316,2022,28497.0
91316,2023,29246.0
91316,2024,29491.0
91321,2013,35243.0
91321,2014,34576.0
91321,2015,34178.0
91321,2016,34664.0
91321,2017,34510.0
91321,2018,34355.0
91321,2019,34014.0
91321,2020,34340.0
91321,2021,35231.0
91321,2022,34305.0
91321,2023,32668.0
91321,2024,31989.0
91324,2013,27304.0
91324,2014,29178.0
91324,2015,28497.0
91324,2016,29689.0
91324,2017,30101.0
91324,2018,29617.0
91324,2019,29670.0
91324,2020,30995.0
91324,2021,29328.0
91324,2022,29744.0
91324,2023,29510.0
91324,2024,30699.0
91325,2013,33121.0
91325,2014,32823.0
91325,2015,33197.0
91325,2016,33558.0
91325,2017,34240.0
91325,2018,34635.0
91325,2019,34575.0
91325,2020,34637.0
91325,2021,35355.0
91325,2022,35537.0
91325,2023,35116.0
91325,2024,35062.0
91326,2013,35900.0
91326,2014,36024.0
91326,2015,36921.0
91326,2016,36168.0
91326,2017,36804.0
91326,2018,37035.0
91326,2019,36339.0
91326,2020,36126.0
91326,2021,36079.0
91326,2022,36503.0
91326,2023,37068.0
91326,2024,38428.0
91330,2013,2138.0
91330,2014,2708.0
91330,2015,3231.0
91330,2016,3328.0
91330,2017,3306.0
91330,2018,3273.0
91330,2019,3257.0
91330,2020,3136.0
91330,2021,3017.0
91330,2022,2699.0
91330,2023,2591.0
91330,2024,2512.0
91331,2013,100535.0
91331,2014,102367.0
91331,2015,102266.0
91331,2016,101536.0
91331,2017,105696.0
91331,2018,105799.0
91331,2019,105458.0
91331,2020,103683.0
91331,2021,102553.0
91331,2022,99804.0
91331,2023,98820.0
91331,2024,97608.0
91335,2013,76616.0
91335,2014,77952.0
91335,2015,78230.0
91335,2016,80161.0
91335,2017,79687.0
91335,2018,80524.0
91335,2019,81824.0
91335,2020,80937.0
91335,2021,78205.0
91335,2022,77158.0
91335,2023,74802.0
91335,2024,74526.0
91340,2013,35161.0
91340,2014,35455.0
91340,2015,35481.0
91340,2016,35681.0
91340,2017,35771.0
91340,2018,36227.0
91340,2019,36156.0
91340,2020,37221.0
91340,2021,35918.0
91340,2022,34822.0
91340,2023,33750.0
91340,2024,33424.0
91342,2013,89686.0
91342,2014,91701.0
91342,2015,93466.0
91342,2016,95222.0
91342,2017,96177.0
91342,2018,96487.0
91342,2019,94595.0
91342,2020,94432.0
91342,2021,92764.0
91342,2022,92580.0
91342,2023,93513.0
91342,2024,93301.0
91343,2013,62321.0
91343,2014,61976.0
91343,2015,64149.0
91343,2016,64323.0
91343,2017,65964.0
91343,2018,66590.0
91343,2019,66743.0
91343,2020,65344.0
91343,2021,64519.0
91343,2022,63193.0
91343,2023,61607.0
91343,2024,60783.0
91344,2013,52892.0
91344,2014,53165.0
91344,2015,54566.0
91344,2016,53290.0
91344,2017,53453.0
91344,2018,53266.0
91344,2019,53613.0
91344,2020,55694.0
91344,2021,54465.0
91344,2022,53862.0
91344,2023,53248.0
91344,2024,52890.0
91345,2013,18254.0
91345,2014,18196.0
91345,2015,18276.0
91345,2016,18763.0
91345,2017,19022.0
91345,2018,19205.0
91345,2019,19145.0
91345,2020,18825.0
91345,2021,18752.0
91345,2022,18481.0
91345,2023,18282.0
91345,2024,18714.0
91350,2013,35410.0
91350,2014,35826.0
91350,2015,36520.0
91350,2016,37400.0
91350,2017,37149.0
91350,2018,37350.0
91350,2019,36173.0
91350,2020,38611.0
91350,2021,42252.0
91350,2022,42970.0
91350,2023,43621.0
91350,2024,43973.0
91351,2013,31773.0
91351,2014,32433.0
91351,2015,33071.0
91351,2016,33247.0
91351,2017,32661.0
91351,2018,32572.0
91351,2019,32711.0
91351,2020,30746.0
91351,2021,33131.0
91351,2022,32677.0
91351,2023,33553.0
91351,2024,33155.0
91352,2013,46334.0
91352,2014,46874.0
91352,2015,47543.0
91352,2016,47079.0
91352,2017,47934.0
91352,2018,47438.0
91352,2019,47076.0
91352,2020,46027.0
91352,2021,45900.0
91352,2022,45601.0
91352,2023,46153.0
91352,2024,46899.0
91354,2013,29487.0
91354,2014,29034.0
91354,2015,29340.0
91354,2016,30058.0
91354,2017,31027.0
91354,2018,32096.0
91354,2019,32544.0
91354,2020,33039.0
91354,2021,33461.0
91354,2022,33039.0
91354,2023,33059.0
91354,2024,33957.0
91355,2013,32282.0
91355,2014,33635.0
91355,2015,34188.0
91355,2016,33129.0
91355,2017,31645.0
91355,2018,31455.0
91355,2019,30526.0
91355,2020,29371.0
91355,2021,31469.0
91355,2022,30289.0
91355,2023,28777.0
91355,2024,29123.0
91356,2013,30090.0
91356,2014,29847.0
91356,2015,29467.0
91356,2016,29728.0
91356,2017,30346.0
91356,2018,30804.0
91356,2019,29822.0
91356,2020,30700.0
91356,2021,29968.0
91356,2022,30599.0
91356,2023,30809.0
91356,2024,30942.0
91361,2013,20631.0
91361,2014,20266.0
91361,2015,20831.0
91361,2016,20808.0
91361,2017,20826.0
91361,2018,20443.0
91361,2019,20258.0
91361,2020,19953.0
91361,2021,19454.0
91361,2022,18753.0
91361,2023,18728.0
91361,2024,18802.0
91362,2013,35093.0
91362,2014,35564.0
91362,2015,35546.0
91362,2016,35862.0
91362,2017,36071.0
91362,2018,36062.0
91362,2019,36604.0
91362,2020,37085.0
91362,2021,36587.0
91362,2022,36770.0
91362,2023,36205.0
91362,2024,35996.0
91364,2013,25971.0
91364,2014,26975.0
91364,2015,27100.0
91364,2016,27607.0
91364,2017,27031.0
91364,2018,27340.0
91364,2019,27971.0
91364,2020,28395.0
91364,2021,28264.0
91364,2022,28765.0
91364,2023,28662.0
91364,2024,27748.0
91367,2013,40506.0
91367,2014,42029.0
91367,2015,42578.0
91367,2016,42319.0
91367,2017,43370.0
91367,2018,45282.0
91367,2019,45970.0
91367,2020,45074.0
91367,2021,44931.0
91367,2022,44862.0
91367,2023,45427.0
91367,2024,45889.0
91381,2013,19800.0
91381,2014,20296.0
91381,2015,20405.0
91381,2016,20790.0
91381,2017,20530.0
91381,2018,20371.0
91381,2019,19390.0
91381,2020,19675.0
91381,2021,20193.0
91381,2022,20864.0
91381,2023,21857.0
91381,2024,22582.0
91384,2013,29189.0
91384,2014,28949.0
91384,2015,29788.0
91384,2016,29676.0
91384,2017,29283.0
91384,2018,28842.0
91384,2019,29212.0
91384,2020,28833.0
91384,2021,28693.0
91384,2022,27652.0
91384,2023,27278.0
91384,2024,26478.0
91387,2013,41058.0
91387,2014,42518.0
91387,2015,43502.0
91387,2016,44106.0
91387,2017,43319.0
91387,2018,43717.0
91387,2019,42034.0
91387,2020,41145.0
91387,2021,45295.0
91387,2022,46812.0
91387,2023,46283.0
91387,2024,46869.0
91390,2013,20875.0
91390,2014,19691.0
91390,2015,20473.0
91390,2016,20546.0
91390,2017,19521.0
91390,2018,19053.0
91390,2019,19168.0
91390,2020,19093.0
91390,2021,19772.0
91390,2022,18930.0
91390,2023,18722.0
91390,2024,19308.0
91401,2013,39466.0
91401,2014,40503.0
91401,2015,41217.0
91401,2016,41019.0
91401,2017,40995.0
91401,2018,41412.0
91401,2019,39755.0
91401,2020,40405.0
91401,2021,38974.0
91401,2022,39179.0
91401,2023,39011.0
91401,2024,39231.0
91402,2013,71486.0
91402,2014,70781.0
91402,2015,71894.0
91402,2016,71765.0
91402,2017,71317.0
91402,2018,70686.0
91402,2019,72059.0
91402,2020,70702.0
91402,2021,68076.0
91402,2022,67937.0
91402,2023,66710.0
91402,2024,65754.0
91403,2013,23672.0
91403,2014,24353.0
91403,2015,24613.0
91403,2016,24579.0
91403,2017,24677.0
91403,2018,25218.0
91403,2019,25156.0
91403,2020,25837.0
91403,2021,26061.0
91403,2022,25887.0
91403,2023,25566.0
91403,2024,25793.0
91405,2013,54435.0
91405,2014,53406.0
91405,2015,53347.0
91405,2016,54356.0
91405,2017,54770.0
91405,2018,55384.0
91405,2019,55506.0
91405,2020,56821.0
91405,2021,55751.0
91405,2022,55451.0
91405,2023,54887.0
91405,2024,56033.0
91406,2013,52682.0
91406,2014,53528.0
91406,2015,54364.0
91406,2016,55385.0
91406,2017,56200.0
91406,2018,55215.0
91406,2019,54890.0
91406,2020,54309.0
91406,2021,54404.0
91406,2022,53276.0
91406,2023,52661.0
91406,2024,51953.0
91411,2013,24546.0
91411,2014,24146.0
91411,2015,25370.0
91411,2016,25290.0
91411,2017,25210.0
91411,2018,25801.0
91411,2019,26111.0
91411,2020,24893.0
91411,2021,23902.0
91411,2022,23689.0
91411,2023,23520.0
91411,2024,23185.0
91423,2013,31466.0
91423,2014,32130.0
91423,2015,33347.0
91423,2016,34140.0
91423,2017,33641.0
91423,2018,33737.0
91423,2019,33172.0
91423,2020,32968.0
91423,2021,31901.0
91423,2022,31787.0
91423,2023,32536.0
91423,2024,32328.0
91436,2013,14147.0
91436,2014,14563.0
91436,2015,13970.0
91436,2016,14353.0
91436,2017,14794.0
91436,2018,15070.0
91436,2019,15292.0
91436,2020,16737.0
91436,2021,16970.0
91436,2022,16190.0
91436,2023,16424.0
91436,2024,15969.0
91501,2013,20398.0
91501,2014,19829.0
91501,2015,20855.0
91501,2016,20110.0
91501,2017,20892.0
91501,2018,20300.0
91501,2019,20511.0
91501,2020,19459.0
91501,2021,19493.0
91501,2022,18951.0
91501,2023,19343.0
91501,2024,19016.0
91502,2013,11420.0
91502,2014,12605.0
91502,2015,12011.0
91502,2016,12080.0
91502,2017,11645.0
91502,2018,11598.0
91502,2019,10708.0
91502,2020,11218.0
91502,2021,12044.0
91502,2022,12312.0
91502,2023,11732.0
91502,2024,11652.0
91504,2013,25228.0
91504,2014,25544.0
91504,2015,25469.0
91504,2016,26833.0
91504,2017,26558.0
91504,2018,26863.0
91504,2019,26749.0
91504,2020,27975.0
91504,2021,27592.0
91504,2022,27479.0
91504,2023,27268.0
91504,2024,27010.0
91505,2013,31636.0
91505,2014,31133.0
91505,2015,31273.0
91505,2016,30985.0
91505,2017,30997.0
91505,2018,30680.0
91505,2019,30902.0
91505,2020,31139.0
91505,2021,32884.0
91505,2022,32156.0
91505,2023,31843.0
91505,2024,31744.0
91506,2013,18260.0
91506,2014,18428.0
91506,2015,18272.0
91506,2016,18125.0
91506,2017,18245.0
91506,2018,18575.0
91506,2019,18591.0
91506,2020,17864.0
91506,2021,19449.0
91506,2022,19559.0
91506,2023,18773.0
91506,2024,18612.0
91601,2013,37807.0
91601,2014,38781.0
91601,2015,38754.0
91601,2016,39318.0
91601,2017,38379.0
91601,2018,37085.0
91601,2019,36841.0
91601,2020,35312.0
91601,2021,34786.0
91601,2022,35615.0
91601,2023,37033.0
91601,2024,36992.0
91602,2013,17771.0
91602,2014,18315.0
91602,2015,18304.0
91602,2016,18615.0
91602,2017,18944.0
91602,2018,19358.0
91602,2019,19672.0
91602,2020,20339.0
91602,2021,20465.0
91602,2022,19980.0
91602,2023,19760.0
91602,2024,20957.0
91604,2013,28468.0
91604,2014,29072.0
91604,2015,30269.0
91604,2016,30386.0
91604,2017,30642.0
91604,2018,32117.0
91604,2019,32910.0
91604,2020,34021.0
91604,2021,32680.0
91604,2022,32073.0
91604,2023,32118.0
91604,2024,32469.0
91605,2013,55793.0
91605,2014,56060.0
91605,2015,55665.0
91605,2016,55377.0
91605,2017,52386.0
91605,2018,52210.0
91605,2019,53113.0
91605,2020,52345.0
91605,2021,52661.0
91605,2022,51654.0
91605,2023,52086.0
91605,2024,49868.0
91606,2013,45788.0
91606,2014,45467.0
91606,2015,44773.0
91606,2016,45040.0
91606,2017,44352.0
91606,2018,44476.0
91606,2019,44295.0
91606,2020,45003.0
91606,2021,43381.0
91606,2022,43552.0
91606,2023,43202.0
91606,2024,43559.0
91607,2013,28993.0
91607,2014,29591.0
91607,2015,30231.0
91607,2016,31405.0
91607,2017,31383.0
91607,2018,30873.0
91607,2019,30611.0
91607,2020,31039.0
91607,2021,30921.0
91607,2022,30734.0
91607,2023,30918.0
91607,2024,31890.0
91608,2013,0.0
91608,2014,0.0
91608,2015,0.0
91608,2016,0.0
91608,2017,0.0
91608,2018,0.0
91608,2019,21.0
91608,2020,18.0
91608,2021,16.0
91608,2022,56.0
91608,2023,38.0
91608,2024,38.0
91702,2013,60036.0
91702,2014,60475.0
91702,2015,61170.0
91702,2016,61968.0
91702,2017,61739.0
91702,2018,62348.0
91702,2019,62066.0
91702,2020,61464.0
91702,2021,61684.0
91702,2022,62196.0
91702,2023,61766.0
91702,2024,60903.0
91706,2013,77192.0
91706,2014,77692.0
91706,2015,77877.0
91706,2016,77667.0
91706,2017,77819.0
91706,2018,77342.0
91706,2019,76930.0
91706,2020,76581.0
91706,2021,73652.0
91706,2022,72495.0
91706,2023,71620.0
91706,2024,71082.0
91709,2013,75551.0
91709,2014,76187.0
91709,2015,76796.0
91709,2016,77266.0
91709,2017,78025.0
91709,2018,79298.0
91709,2019,80701.0
91709,2020,82800.0
91709,2021,78333.0
91709,2022,78341.0
91709,2023,78200.0
91709,2024,78006.0
91711,2013,36011.0
91711,2014,36484.0
91711,2015,36651.0
91711,2016,36957.0
91711,2017,36933.0
91711,2018,36854.0
91711,2019,36777.0
91711,2020,36217.0
91711,2021,36841.0
91711,2022,37542.0
91711,2023,37538.0
91711,2024,37529.0
91722,2013,35370.0
91722,2014,36352.0
91722,2015,35798.0
91722,2016,35407.0
91722,2017,36557.0
91722,2018,35708.0
91722,2019,34631.0
91722,2020,34951.0
91722,2021,35714.0
91722,2022,34470.0
91722,2023,34087.0
91722,2024,35099.0
91723,2013,19778.0
91723,2014,20010.0
91723,2015,19428.0
91723,2016,19258.0
91723,2017,20193.0
91723,2018,18875.0
91723,2019,18521.0
91723,2020,17664.0
91723,2021,18398.0
91723,2022,17964.0
91723,2023,18200.0
91723,2024,17733.0
91724,2013,25407.0
91724,2014,25405.0
91724,2015,26479.0
91724,2016,26190.0
91724,2017,25755.0
91724,2018,26091.0
91724,2019,26717.0
91724,2020,27510.0
91724,2021,29309.0
91724,2022,28575.0
91724,2023,28113.0
91724,2024,28352.0
91731,2013,29744.0
91731,2014,29209.0
91731,2015,30418.0
91731,2016,30179.0
91731,2017,30063.0
91731,2018,30139.0
91731,2019,30222.0
91731,2020,30313.0
91731,2021,28244.0
91731,2022,28201.0
91731,2023,28122.0
91731,2024,27620.0
91732,2013,62548.0
91732,2014,63849.0
91732,2015,62872.0
91732,2016,62855.0
91732,2017,63557.0
91732,2018,63572.0
91732,2019,62905.0
91732,2020,61075.0
91732,2021,59749.0
91732,2022,58888.0
91732,2023,58056.0
91732,2024,57431.0
91733,2013,43593.0
91733,2014,43790.0
91733,2015,44313.0
91733,2016,44622.0
91733,2017,44989.0
91733,2018,44968.0
91733,2019,45365.0
91733,2020,44908.0
91733,2021,43978.0
91733,2022,42953.0
91733,2023,41716.0
91733,2024,41255.0
91740,2013,25961.0
91740,2014,26324.0
91740,2015,26745.0
91740,2016,26555.0
91740,2017,26067.0
91740,2018,26115.0
91740,2019,25877.0
91740,2020,26099.0
91740,2021,27379.0
91740,2022,27131.0
91740,2023,26160.0
91740,2024,26168.0
91741,2013,25540.0
91741,2014,25678.0
91741,2015,25693.0
91741,2016,25780.0
91741,2017,26610.0
91741,2018,26565.0
91741,2019,26794.0
91741,2020,26071.0
91741,2021,26460.0
91741,2022,26052.0
91741,2023,26166.0
91741,2024,26071.0
91744,2013,84674.0
91744,2014,87096.0
91744,2015,87337.0
91744,2016,86638.0
91744,2017,86982.0
91744,2018,87240.0
91744,2019,85421.0
91744,2020,83396.0
91744,2021,81156.0
91744,2022,79380.0
91744,2023,78253.0
91744,2024,76942.0
91745,2013,55776.0
91745,2014,55237.0
91745,2015,55184.0
91745,2016,54043.0
91745,2017,54166.0
91745,2018,54975.0
91745,2019,55202.0
91745,2020,55394.0
91745,2021,54853.0
91745,2022,55489.0
91745,2023,54996.0
91745,2024,54351.0
91746,2013,28869.0
91746,2014,29420.0
91746,2015,30034.0
91746,2016,31319.0
91746,2017,30640.0
91746,2018,30708.0
91746,2019,29709.0
91746,2020,29876.0
91746,2021,29525.0
91746,2022,29429.0
91746,2023,28256.0
91746,2024,28387.0
91748,2013,46966.0
91748,2014,47859.0
91748,2015,46732.0
91748,2016,46565.0
91748,2017,47114.0
91748,2018,47084.0
91748,2019,47079.0
91748,2020,46634.0
91748,2021,45205.0
91748,2022,43851.0
91748,2023,43137.0
91748,2024,42463.0
91750,2013,34045.0
91750,2014,33969.0
91750,2015,34052.0
91750,2016,34156.0
91750,2017,34017.0
91750,2018,33836.0
91750,2019,34129.0
91750,2020,34468.0
91750,2021,33406.0
91750,2022,33436.0
91750,2023,33267.0
91750,2024,32692.0
91754,2013,33616.0
91754,2014,33622.0
91754,2015,34009.0
91754,2016,33514.0
91754,2017,33114.0
91754,2018,33058.0
91754,2019,33636.0
91754,2020,33343.0
91754,2021,33931.0
91754,2022,33937.0
91754,2023,33176.0
91754,2024,32248.0
91755,2013,26945.0
91755,2014,27305.0
91755,2015,27076.0
91755,2016,27487.0
91755,2017,27942.0
91755,2018,27734.0
91755,2019,26803.0
91755,2020,27254.0
91755,2021,27197.0
91755,2022,26418.0
91755,2023,26413.0
91755,2024,26810.0
91759,2013,363.0
91759,2014,369.0
91759,2015,389.0
91759,2016,417.0
91759,2017,426.0
91759,2018,374.0
91759,2019,307.0
91759,2020,351.0
91759,2021,367.0
91759,2022,299.0
91759,2023,290.0
91759,2024,341.0
91765,2013,47273.0
91765,2014,47562.0
91765,2015,47598.0
91765,2016,47493.0
91765,2017,47398.0
91765,2018,47139.0
91765,2019,46593.0
91765,2020,46248.0
91765,2021,46270.0
91765,2022,45303.0
91765,2023,44779.0
91765,2024,44502.0
91766,2013,71541.0
91766,2014,71851.0
91766,2015,72026.0
91766,2016,72100.0
91766,2017,72787.0
91766,2018,72332.0
91766,2019,72348.0
91766,2020,71189.0
91766,2021,71380.0
91766,2022,69517.0
91766,2023,68673.0
91766,2024,69327.0
91767,2013,48768.0
91767,2014,49027.0
91767,2015,49099.0
91767,2016,49483.0
91767,2017,49492.0
91767,2018,50264.0
91767,2019,50606.0
91767,2020,50493.0
91767,2021,50563.0
91767,2022,50715.0
91767,2023,50308.0
91767,2024,49152.0
91768,2013,36142.0
91768,2014,36454.0
91768,2015,36444.0
91768,2016,36365.0
91768,2017,36122.0
91768,2018,35389.0
91768,2019,35191.0
91768,2020,35634.0
91768,2021,36706.0
91768,2022,35443.0
91768,2023,34921.0
91768,2024,34200.0
91770,2013,62489.0
91770,2014,63119.0
91770,2015,63758.0
91770,2016,63552.0
91770,2017,63981.0
91770,2018,63425.0
91770,2019,62703.0
91770,2020,63177.0
91770,2021,59685.0
91770,2022,59410.0
91770,2023,58893.0
91770,2024,58382.0
91773,2013,33441.0
91773,2014,33869.0
91773,2015,34107.0
91773,2016,34222.0
91773,2017,34555.0
91773,2018,34496.0
91773,2019,34007.0
91773,2020,33703.0
91773,2021,34407.0
91773,2022,34066.0
91773,2023,33917.0
91773,2024,33598.0
91775,2013,25363.0
91775,2014,25395.0
91775,2015,25486.0
91775,2016,25389.0
91775,2017,25156.0
91775,2018,25192.0
91775,2019,25004.0
91775,2020,24517.0
91775,2021,24079.0
91775,2022,24169.0
91775,2023,23776.0
91775,2024,23672.0
91776,2013,37246.0
91776,2014,37378.0
91776,2015,38127.0
91776,2016,37843.0
91776,2017,38322.0
91776,2018,38410.0
91776,2019,38664.0
91776,2020,38675.0
91776,2021,38112.0
91776,2022,37340.0
91776,2023,37769.0
91776,2024,36952.0
91780,2013,34890.0
91780,2014,35274.0
91780,2015,35280.0
91780,2016,35674.0
91780,2017,35184.0
91780,2018,35351.0
91780,2019,35133.0
91780,2020,34854.0
91780,2021,35494.0
91780,2022,35556.0
91780,2023,35136.0
91780,2024,35588.0
91789,2013,42609.0
91789,2014,43369.0
91789,2015,43805.0
91789,2016,43973.0
91789,2017,44115.0
91789,2018,44474.0
91789,2019,44440.0
91789,2020,43531.0
91789,2021,41829.0
91789,2022,41377.0
91789,2023,40933.0
91789,2024,40298.0
91790,2013,46404.0
91790,2014,46059.0
91790,2015,46566.0
91790,2016,46374.0
91790,2017,45958.0
91790,2018,45206.0
91790,2019,45444.0
91790,2020,44601.0
91790,2021,45497.0
91790,2022,44855.0
91790,2023,44791.0
91790,2024,44710.0
91791,2013,31796.0
91791,2014,33174.0
91791,2015,33247.0
91791,2016,33484.0
91791,2017,33953.0
91791,2018,34363.0
91791,2019,33397.0
91791,2020,33314.0
91791,2021,34411.0
91791,2022,33902.0
91791,2023,33321.0
91791,2024,33028.0
91792,2013,30452.0
91792,2014,30102.0
91792,2015,30063.0
91792,2016,29493.0
91792,2017,29787.0
91792,2018,29839.0
91792,2019,29619.0
91792,2020,29806.0
91792,2021,31649.0
91792,2022,31208.0
91792,2023,30921.0
91792,2024,30629.0
91801,2013,54176.0
91801,2014,53792.0
91801,2015,54565.0
91801,2016,55265.0
91801,2017,54928.0
91801,2018,54479.0
91801,2019,54768.0
91801,2020,54161.0
91801,2021,53976.0
91801,2022,53320.0
91801,2023,53730.0
91801,2024,53381.0
91803,2013,29591.0
91803,2014,30586.0
91803,2015,30118.0
91803,2016,29502.0
91803,2017,30137.0
91803,2018,30385.0
91803,2019,29567.0
91803,2020,30093.0
91803,2021,29223.0
91803,2022,29006.0
91803,2023,27803.0
91803,2024,27715.0
92397,2013,4497.0
92397,2014,4616.0
92397,2015,4753.0
92397,2016,4853.0
92397,2017,4457.0
92397,2018,4571.0
92397,2019,4562.0
92397,2020,4638.0
92397,2021,5215.0
92397,2022,5059.0
92397,2023,5699.0
92397,2024,5854.0
93243,2013,1419.0
93243,2014,1720.0
93243,2015,1565.0
93243,2016,1736.0
93243,2017,1709.0
93243,2018,1938.0
93243,2019,1532.0
93243,2020,1513.0
93243,2021,920.0
93243,2022,977.0
93243,2023,900.0
93243,2024,834.0
93510,2013,7216.0
93510,2014,7289.0
93510,2015,7462.0
93510,2016,7594.0
93510,2017,7836.0
93510,2018,7626.0
93510,2019,7644.0
93510,2020,7433.0
93510,2021,7010.0
93510,2022,7397.0
93510,2023,7562.0
93510,2024,7786.0
93523,2013,2926.0
93523,2014,3378.0
93523,2015,3469.0
93523,2016,3366.0
93523,2017,3312.0
93523,2018,3700.0
93523,2019,3556.0
93523,2020,3681.0
93523,2021,3876.0
93523,2022,3867.0
93523,2023,3681.0
93523,2024,3502.0
93532,2013,2476.0
93532,2014,2419.0
93532,2015,2557.0
93532,2016,2681.0
93532,2017,2857.0
93532,2018,2871.0
93532,2019,2683.0
93532,2020,2637.0
93532,2021,2745.0
93532,2022,2768.0
93532,2023,2762.0
93532,2024,2930.0
93534,2013,39563.0
93534,2014,39120.0
93534,2015,38431.0
93534,2016,38994.0
93534,2017,39166.0
93534,2018,39088.0
93534,2019,39367.0
93534,2020,39798.0
93534,2021,43535.0
93534,2022,42515.0
93534,2023,42290.0
93534,2024,41430.0
93535,2013,73606.0
93535,2014,73282.0
93535,2015,73979.0
93535,2016,73948.0
93535,2017,73728.0
93535,2018,72948.0
93535,2019,74264.0
93535,2020,74944.0
93535,2021,79522.0
93535,2022,80905.0
93535,2023,80478.0
93535,2024,79409.0
93536,2013,69988.0
93536,2014,71313.0
93536,2015,71254.0
93536,2016,70969.0
93536,2017,71303.0
93536,2018,72383.0
93536,2019,70237.0
93536,2020,68575.0
93536,2021,73417.0
93536,2022,72131.0
93536,2023,72013.0
93536,2024,73412.0
93543,2013,13251.0
93543,2014,13578.0
93543,2015,13720.0
93543,2016,13780.0
93543,2017,14748.0
93543,2018,15135.0
93543,2019,14392.0
93543,2020,14605.0
93543,2021,13793.0
93543,2022,12745.0
93543,2023,12217.0
93543,2024,12275.0
93544,2013,944.0
93544,2014,951.0
93544,2015,1145.0
93544,2016,1021.0
93544,2017,1099.0
93544,2018,1181.0
93544,2019,1164.0
93544,2020,1086.0
93544,2021,1511.0
93544,2022,1427.0
93544,2023,1201.0
93544,2024,1027.0
93550,2013,74561.0
93550,2014,74203.0
93550,2015,75088.0
93550,2016,75624.0
93550,2017,75774.0
93550,2018,77006.0
93550,2019,77506.0
93550,2020,75617.0
93550,2021,82580.0
93550,2022,81501.0
93550,2023,79929.0
93550,2024,80645.0
93551,2013,50306.0
93551,2014,50572.0
93551,2015,50100.0
93551,2016,51023.0
93551,2017,51896.0
93551,2018,51085.0
93551,2019,50601.0
93551,2020,50978.0
93551,2021,54808.0
93551,2022,54478.0
93551,2023,54956.0
93551,2024,54360.0
93552,2013,39943.0
93552,2014,42073.0
93552,2015,42630.0
93552,2016,41128.0
93552,2017,41320.0
93552,2018,40266.0
93552,2019,39905.0
93552,2020,39776.0
93552,2021,43118.0
93552,2022,43371.0
93552,2023,43903.0
93552,2024,42639.0
93553,2013,2242.0
93553,2014,1975.0
93553,2015,1784.0
93553,2016,1882.0
93553,2017,1893.0
93553,2018,1781.0
93553,2019,1709.0
93553,2020,1513.0
93553,2021,1056.0
93553,2022,1136.0
93553,2023,1349.0
93553,2024,1319.0
93563,2013,344.0
93563,2014,375.0
93563,2015,387.0
93563,2016,413.0
93563,2017,417.0
93563,2018,408.0
93563,2019,357.0
93563,2020,419.0
93563,2021,247.0
93563,2022,222.0
93563,2023,218.0
93563,2024,195.0
93591,2013,6483.0
93591,2014,6558.0
93591,2015,6781.0
93591,2016,6508.0
93591,2017,6809.0
93591,2018,6579.0
93591,2019,6744.0
93591,2020,6557.0
93591,2021,6914.0
93591,2022,7340.0
93591,2023,7531.0
93591,2024,7051.0
