zip,mean_log_rr,max_log_rr,min_p,n_cells,mean_rr
90744,0.7475207134864067,0.8194612405072492,0.002,89,2.111757868101493
90731,0.7311359895055193,0.823314815069256,0.002,135,2.077439216891563
90732,0.7137418339028149,0.8115040811783012,0.002,33,2.0416163731555708
90802,0.676400495458741,0.7594553144207619,0.002,65,1.966785522247891
90044,0.6608170270639261,0.7024428589055796,0.002,48,1.9363737580473026
90813,0.6596452975215991,0.7113233183619632,0.002,42,1.9341061804632733
90047,0.651868806641651,0.700937279828441,0.002,56,1.9191239514762193
90003,0.6437932338636094,0.6862288629932989,0.002,33,1.9036883359401957
90305,0.6320856228096253,0.6687558476380788,0.002,18,1.8815306531928824
91103,0.618670756970428,0.6839404838384002,0.002,52,1.8564587162347552
91104,0.6181878419073172,0.6815152914018108,0.002,39,1.8555624207913461
90710,0.6151727453045178,0.7560294228048865,0.002,27,1.8499761466502065
91101,0.6127768980969126,0.656484106007305,0.002,10,1.8455491917364932
90061,0.6003893647755206,0.6723749741938465,0.002,27,1.8228284074072183
90717,0.5955921742458234,0.7527673462854048,0.002,22,1.814104893143487
90002,0.5802395609691713,0.645380169658675,0.002,28,1.7864663471015025
90001,0.579975941524535,0.6418604748645289,0.002,41,1.785995461905192
90755,0.5684895652113542,0.6027001632143691,0.002,19,1.765598215422405
90303,0.5650386689064093,0.6383248372966399,0.002,19,1.7595158199589116
90806,0.5605498427599321,0.6566657483249787,0.002,45,1.7516353595817464
91125,0.5416703067992126,0.5416703067992126,0.008,1,1.7188755152126458
91106,0.5392125603400909,0.6430025442510994,0.004,31,1.714656142199935
90059,0.5356218077021817,0.6281937282935539,0.002,39,1.7085102768787575
90804,0.526404389675031,0.5907006301837514,0.002,26,1.6928345791672412
90810,0.523558531138368,0.6856086165682971,0.002,75,1.688023859988879
90043,0.494663659708476,0.6342535660663393,0.002,43,1.6399465661811836
91105,0.493536114041919,0.6052113809373556,0.004,41,1.6380984936259984
90037,0.49075819999406184,0.5568809777873693,0.002,29,1.6335543114048094
90814,0.47955611946925797,0.5890681073921109,0.002,10,1.6153572174134851
90011,0.4788853016395791,0.5511550054532841,0.002,40,1.6142739703620832
90255,0.4720053922443637,0.5311308109522894,0.002,39,1.603206028581938
90062,0.46878125779128865,0.5538626507434983,0.002,18,1.5980454005395566
90301,0.46651042227616785,0.6023931389083725,0.002,33,1.5944206194876664
90058,0.45065273368153125,0.5275930722802107,0.002,52,1.5693362098480306
90249,0.4459295684470111,0.5875719951652605,0.002,29,1.5619414526973756
90807,0.43980171714620736,0.5883313733597331,0.002,50,1.5523993738141164
90302,0.4361931659074512,0.5411533487064797,0.002,21,1.546807556378448
90275,0.4356002843702071,0.8028263940604541,0.002,135,1.5458907545408984
91748,0.43131086477586167,0.6412264683667486,0.036,144,1.5392739816505272
90745,0.429792546307557,0.6749942132144491,0.002,91,1.5369386468760007
90222,0.41971079971457237,0.509978601155094,0.002,25,1.5215214675422049
90021,0.416404420039794,0.4498953599197262,0.002,23,1.5164990474764815
90247,0.410829560219494,0.5980896563870224,0.002,38,1.5080682998223238
90846,0.3930852078547377,0.4368785182571391,0.004,5,1.4815446231901699
90274,0.3912879500369653,0.7734345809728373,0.002,125,1.478884296895979
90304,0.38346191805857166,0.524287139335581,0.002,18,1.4673556716319862
90089,0.38282183346840903,0.3958043394060402,0.002,2,1.466416740408048
90023,0.3792580292898303,0.4530735728604949,0.002,58,1.4612000195082475
90803,0.3638307648358235,0.5864592377947875,0.002,52,1.4388306928039205
90013,0.359606488380329,0.38322750813503026,0.002,6,1.4327654937428687
90033,0.3549786377739361,0.3918201568426176,0.002,32,1.426150188213348
90822,0.3543170268777535,0.36886333796545534,0.016,3,1.4252069437740398
90014,0.34994977738123323,0.3626884685686744,0.002,3,1.4189962810943952
90007,0.3493825753272723,0.43636645849796807,0.002,26,1.4181916517044888
90248,0.3370963888788718,0.5173468896371762,0.004,49,1.4008740859136943
91108,0.33463587777284376,0.48402434647893156,0.012,38,1.3974314567176815
90015,0.32865117703839225,0.3883636929093983,0.002,17,1.389093223454962
91001,0.3277329127715515,0.6731824256481991,0.006,294,1.387818254253471
91030,0.32563736742475924,0.44881723259140704,0.012,36,1.3849130632114945
91107,0.325417935443058,0.5538648568104749,0.016,83,1.3846092023331666
90840,0.3230049021598645,0.36600934508800353,0.016,3,1.3812721221057922
90505,0.3116543060880975,0.6399049594135042,0.002,58,1.365682503290644
90270,0.31114616981310456,0.4048666369503606,0.002,12,1.3649887267520397
90063,0.3106304164086164,0.37938807723248225,0.002,31,1.3642849106824977
90220,0.3086340774902217,0.4678777328931747,0.006,72,1.3615640524007986
90250,0.3079612672666522,0.6122674913154538,0.002,67,1.3606482862892448
90071,0.3063545304206332,0.31585805495593267,0.002,2,1.3584638379399652
90815,0.2889925188371249,0.5427617993525358,0.002,71,1.335081740527195
90012,0.2847835454490586,0.3625540436065706,0.002,34,1.3294742262279562
90017,0.2792601492304006,0.3222255989513352,0.002,8,1.3221512557650525
90262,0.27715104857412287,0.4576198555544164,0.002,50,1.3193656442839257
90280,0.2733291973017067,0.5275299258556227,0.002,80,1.3143328484421122
90746,0.2694827211114714,0.379398182686872,0.02,50,1.3092870090064175
90031,0.2685981634469248,0.3343717645403004,0.002,39,1.3081293812172579
90747,0.25950539060132366,0.26966753838101454,0.06,6,1.296288771468817
90056,0.2577524603450473,0.3628879678227972,0.002,15,1.2940184580922873
90018,0.25449229771037774,0.365193004245838,0.002,30,1.2898066168408961
90008,0.2538851630740372,0.43455044059588444,0.002,43,1.289023768240928
90042,0.2496528699728671,0.3840064084783572,0.018,47,1.28357977026311
90502,0.24917227757383245,0.4875880261040839,0.01,20,1.282963039791826
90032,0.24761787755997583,0.3058869295473352,0.002,56,1.280970351143848
90506,0.23350883163201294,0.2573741428553027,0.11,3,1.2630239824046925
90221,0.21959759964985465,0.3151986137009599,0.028,52,1.24557540974729
90006,0.1992198685385123,0.26965438864279756,0.002,23,1.2204502750207202
90057,0.19221739126878484,0.2336791203924995,0.002,9,1.2119339521891541
90501,0.18841740681448282,0.478292345681409,0.014,64,1.2073373610298535
90712,0.16462831169521808,0.4544917453003223,0.004,45,1.1789548335402074
90041,0.16278320484611167,0.4140634553402909,0.024,38,1.176781541496639
90805,0.15791705163898623,0.3436975688835173,0.026,79,1.1710690524202962
90201,0.15706464629975972,0.4215879712531323,0.002,63,1.1700712522329302
90026,0.15135355126947353,0.26249751824559153,0.002,44,1.1634079097216643
91765,0.14389489485326296,0.6457210464466141,0.028,186,1.1547627306400547
93523,0.13273264047522013,0.25963095537555514,0.164,102,1.1419446477351747
90065,0.11938068025634557,0.24291883205562037,0.002,53,1.1267987867032767
90504,0.11880983493397569,0.2820257605814964,0.07,39,1.1261557424435011
90808,0.11810596693941686,0.410840273340805,0.012,71,1.1253633563598227
91206,0.11244454140086232,0.4738280491027722,0.02,63,1.1190101964539874
93534,0.10883545107313104,0.26197191940079056,0.132,220,1.114978866669849
90260,0.10526776280404666,0.2508456100381653,0.116,31,1.111008057164037
91803,0.09961851401091772,0.19943748748904255,0.076,33,1.104749391263259
90277,0.0995575470927869,0.20856149521174716,0.244,40,1.1046820401506827
91792,0.08732027259239017,0.3661074796162427,0.138,42,1.0912461199810033
90022,0.07141321566360971,0.2487817466584259,0.018,46,1.0740249381151552
91789,0.06822971597255353,0.5947963560703338,0.054,160,1.0706112167300443
90503,0.062320378495511405,0.17768250410778563,0.234,60,1.064303269992964
91801,0.05902129552047679,0.25464654745669657,0.062,44,1.0607978307415515
90016,0.05535713522117112,0.26711851234609885,0.004,38,1.0569180099281499
90005,0.051602845495248094,0.17080776343872417,0.012,17,1.052957472656406
90045,0.04909536865341665,0.3286195862169987,0.03,116,1.0503205136167924
90723,0.025325203995017843,0.13011661112097794,0.218,52,1.025648611321106
91775,0.023470013099593186,0.22645500142055752,0.154,30,1.0237476012689795
91767,0.007720203015403524,0.019965125026308428,0.484,55,1.0077500806202706
90020,0.007567961504362796,0.11969247818847162,0.072,11,1.0075966709032056
91011,0.0068643958095663885,0.5786057595126355,0.014,189,1.006888009775429
93550,0.00650752377157826,0.17710295341129845,0.266,510,1.0065287437091741
91023,-0.0031382021310732027,0.03431399795234835,0.398,7,0.996866716878274
91754,-0.004838617931289563,0.2132898901819802,0.04,48,0.9951730693228023
93551,-0.011105919770565534,0.18054495686737004,0.256,649,0.988955523285502
90261,-0.02102094491920914,-0.02102094491920914,0.54,1,0.9791984551221438
90278,-0.02311976110774632,0.024930458065759442,0.47,33,0.9771454527436843
90230,-0.02322156533744194,0.1755585588274977,0.14,44,0.9770459802670124
90254,-0.024401490369906242,0.0198796414239375,0.42,16,0.9758938191225868
90019,-0.037948149690139696,0.17462930849661618,0.018,38,0.9627628591496187
90040,-0.04595124107521283,0.28197336331816114,0.008,59,0.9550885301452101
91766,-0.054338849369533,0.012598283456249249,0.478,99,0.9471111241152458
90004,-0.06148939879832752,0.09335574337113961,0.134,30,0.940362914663491
90713,-0.06666529615935853,0.1358641081634704,0.242,33,0.9355082671516561
90029,-0.06693410646233666,0.010119673516479466,0.452,17,0.9352568266873323
90245,-0.06819454168827203,0.11377400651946123,0.322,56,0.9340787386454814
93510,-0.07592179381040631,0.05631374501252484,0.366,114,0.9268886921577252
90039,-0.07751583862394497,0.12123659601730896,0.066,43,0.9254123670220855
90266,-0.08737920681083872,-0.03335129661689917,0.548,42,0.9163295513348955
91768,-0.09316338724308665,0.012055789283396567,0.48,81,0.9110446350638798
93535,-0.10798178110063943,0.33692229888669445,0.104,833,0.8976439503662524
91709,-0.10914202553376384,-0.10408120791701014,0.612,2,0.8966030679257075
90631,-0.10920221071647009,0.3625925859080543,0.156,61,0.8965491073300799
91711,-0.11667075655119018,0.007814564746808195,0.496,154,0.8898781314817835
90242,-0.1271957020599381,0.0647432465068869,0.37,48,0.8805613280678126
91205,-0.13190823191998063,-0.013064028655558335,0.518,21,0.8764214189000473
91750,-0.16745614016686525,-0.001002340040005656,0.514,208,0.8458137137236634
90094,-0.18391681026735507,0.013266050452570344,0.504,11,0.8320050152225686
90232,-0.1850157189490871,-0.047153972261337884,0.626,25,0.831091219868878
90241,-0.19272144008582778,0.012544296626376461,0.454,50,0.8247116737581287
93552,-0.1977931727529983,0.02711985825464902,0.444,482,0.8205395455239783
90706,-0.20123252991639365,0.019782884110611132,0.462,62,0.8177222645551478
93536,-0.2226302520052078,0.07885609385320658,0.338,717,0.8004107448557084
91776,-0.22663666653904713,0.06858567015865535,0.39,31,0.7972103828836815
90240,-0.23494821209813896,-0.1262856143006883,0.692,34,0.7906117926944789
90038,-0.23503583180166707,-0.131163008216598,0.914,12,0.7905425225583559
90716,-0.23680126865828577,-0.17752730649936677,0.728,8,0.789148100896179
91204,-0.2591087245407498,-0.09963903286486309,0.794,14,0.7717391115016875
90293,-0.26630628959951874,-0.1765160238923542,0.75,18,0.7662044111150302
90036,-0.27404088174129493,-0.1167350136731633,0.852,25,0.7603009921970523
90606,-0.2885061191698028,-0.23975640018646294,0.738,38,0.7493822195364241
90715,-0.3045767385569831,-0.16485997022593457,0.74,19,0.737435436331989
90028,-0.3142596129619226,-0.19425225139186608,0.96,18,0.7303294005667391
91024,-0.326125304006087,0.15112416717008958,0.318,125,0.7217147480164451
90027,-0.34124103477946544,-0.029012922830704113,0.62,83,0.7108875389330904
90066,-0.3619283513223211,-0.050284614256864923,0.624,53,0.696332257339955
90602,-0.3640524793571262,-0.28088178881283277,0.758,27,0.6948547282566151
91042,-0.36497728413951797,-0.17447951697862862,0.734,215,0.694212420331355
91791,-0.3695992924490765,-0.080853913350178,0.602,63,0.6910111685611421
91744,-0.3785063229184621,0.3202736286315879,0.156,93,0.6848836405779701
91755,-0.38295247075231664,-0.18868437292007822,0.828,30,0.6818453061102843
90034,-0.39469752924901125,-0.20226517806248534,0.924,32,0.6738838385763795
91773,-0.41237597178432356,-0.04769127118655003,0.566,159,0.6620753076177401
91020,-0.4134533724325208,-0.2746272966274006,0.736,8,0.6613623713801039
90292,-0.42728382582532126,-0.2692353699610055,0.888,25,0.6522783924994967
90035,-0.4628311288007892,-0.28871503012864963,0.976,21,0.6294989277716406
90660,-0.467332334327264,-0.2511703188438599,0.782,97,0.6266717912536521
91208,-0.47563361099458384,0.11120238037628738,0.27,80,0.6214911480614025
90640,-0.48463963221950446,-0.10558730411606998,0.738,91,0.615919114180082
91203,-0.4854668943566448,-0.3803360984642601,0.974,11,0.6154097983152916
90605,-0.4940529486405875,-0.34458226515875934,0.808,61,0.6101484757030262
93553,-0.4949554538273026,-0.3957889032326434,0.88,107,0.6095980619520305
93544,-0.5058483098959174,-0.39615138787267146,1.0,58,0.6029938327640358
91382,-0.5106064812181669,-0.38985091315862563,0.998,23,0.6001314999367836
91214,-0.5176021243588115,-0.37355659904269967,0.778,90,0.5959478448666984
91301,-0.5199657276417156,-0.3893544844612,0.876,241,0.5945409239405861
91361,-0.5247654961479455,-0.401686180279496,1.0,37,0.5916941026451571
91007,-0.5262132979520164,0.02933494747252352,0.468,61,0.5908380666906192
91745,-0.5275241311249648,0.15176064807360712,0.308,155,0.5900640839449165
90048,-0.5407387965495913,-0.3518989845307723,0.996,20,0.5823178789746222
93543,-0.5468370651582684,-0.3136469150083272,0.75,310,0.5787775540309539
90701,-0.5477653454722488,-0.4306933083249298,0.91,16,0.5782405355117957
90670,-0.554164889884368,-0.24467055013899142,0.744,90,0.5745518749861547
90068,-0.5606898970040904,-0.2631928325001476,0.986,80,0.5708151243314276
90290,-0.5644889757181252,-0.31206922939932946,0.918,175,0.5686506668184639
91406,-0.5697409527475873,-0.5524496334206415,0.992,74,0.565671955487168
91302,-0.5709324799379883,-0.2996742403135464,0.912,231,0.5649983433646336
91207,-0.5713910599374191,-0.2786831964788359,0.842,33,0.5647393058239122
91405,-0.5741939462966485,-0.5524548694579181,0.992,31,0.5631586220005047
91411,-0.5786426397035206,-0.5578158296655897,0.99,19,0.5606588663976166
91362,-0.5857476898312668,-0.5497775225724699,1.0,10,0.5566894751078083
91335,-0.5886327449310998,-0.5447791642167719,0.992,70,0.5550857098865576
93591,-0.5970062094466663,-0.26463354553309193,0.766,413,0.5504571250814043
90603,-0.6048649402049141,-0.4295794297855582,0.842,37,0.5461481843206095
91724,-0.6053750331799034,-0.2416448722914164,0.766,67,0.5458696690088755
90650,-0.6088983663857279,-0.3530401097124525,0.878,103,0.5439497724817098
91330,-0.6160547134532968,-0.6032271786837384,1.0,2,0.5400709746879374
90211,-0.6202316869055815,-0.4722976452946712,1.0,10,0.5378198173495503
91325,-0.627955206600543,-0.5499926300048839,0.994,52,0.5336819553966069
91401,-0.6325099032249301,-0.5691698716889912,0.99,37,0.5312567232867891
91402,-0.6386571761778556,-0.5793160044496735,0.996,40,0.5280009604846282
90265,-0.6412904018797708,-0.2996153594142821,0.92,40,0.5266124437261691
90703,-0.6499462817813704,-0.19517456613855355,0.774,89,0.5220738208834201
91324,-0.6507204372939551,-0.5545844233908399,0.992,43,0.5216698109604391
91390,-0.6512995887788304,-0.11319426088140849,0.576,385,0.5213677725862356
91770,-0.6620178522065109,-0.30648975724012173,0.86,71,0.5158094564174629
91306,-0.6657046013584016,-0.6053079068805411,0.986,46,0.5139112975093506
90064,-0.6667708217822244,-0.4497290167181047,0.986,42,0.5133636467979816
90046,-0.6676185196167177,-0.3604270244446055,0.998,61,0.5129286539435822
90291,-0.6732763198730747,-0.4922979078705061,0.972,23,0.5100348002165073
91343,-0.6880122325351017,-0.5880910763915188,1.0,60,0.502574077232786
91780,-0.6918377902422197,-0.19909414859381558,0.754,41,0.5006551239717546
91403,-0.6940029242898025,-0.6123106512765295,0.992,37,0.4995723111571938
91384,-0.694370136275943,-0.39530987896876146,0.978,368,0.4993888958947954
91202,-0.6979836112288825,-0.53896657381306,0.984,22,0.4975876230148857
90601,-0.6986899987621479,-0.2892008391526053,0.774,101,0.49723625743602357
91040,-0.7098440578183492,-0.40617782154399373,0.798,129,0.4917208715079168
91723,-0.7121643127026129,-0.577565252691778,0.924,25,0.4905812763409909
91436,-0.7207331737269353,-0.5733743839149197,0.994,69,0.4863955127877163
90604,-0.7253920616655968,-0.5275636399102219,0.892,43,0.48413472107663796
91423,-0.7319338613228809,-0.6294215969293595,0.992,40,0.48097794547886186
90069,-0.7538848541689109,-0.6304752952216246,1.0,20,0.47053503745768577
91605,-0.7578133845733793,-0.6289641659790512,0.998,54,0.4686901524727728
90212,-0.7678469496059486,-0.6731163233751314,1.0,11,0.4640110327287319
91364,-0.7679107865785566,-0.736133023775476,0.97,76,0.46398141261458503
91303,-0.7710527100708563,-0.723445214813609,0.986,17,0.4625259062564687
91608,-0.7884206330735268,-0.7363751845906563,1.0,5,0.45456214907509024
91367,-0.7901200097407527,-0.6526688801607858,0.974,82,0.4537903327542143
91522,-0.8017934191118377,-0.8017934191118377,1.0,1,0.4485238511337713
91316,-0.8061503101588848,-0.6292905191099094,0.998,55,0.44657393245851534
91523,-0.8187142150745581,-0.8187142150745581,1.0,1,0.44099831911438664
91331,-0.8194060665656385,-0.6626127675135649,1.0,89,0.4406933192892012
91607,-0.819870732702568,-0.7165510339909957,1.0,25,0.4404885915956533
91201,-0.8229693995395603,-0.6691329029397148,0.994,31,0.43912577674983516
91352,-0.8284078276405078,-0.6322808167961802,0.918,145,0.43674410493130456
91356,-0.8341832214867174,-0.6692039932241314,0.994,77,0.4342290055510186
91521,-0.8378372228381106,-0.8378372228381106,1.0,1,0.43264522750366424
91606,-0.8382510399923717,-0.6551545641041887,0.998,41,0.4324662285257922
90067,-0.8434196454545737,-0.8074339272744617,1.0,3,0.43023674783114707
90405,-0.8499968782407789,-0.6528985165411618,0.99,28,0.4274162662373144
91790,-0.854900006248541,-0.4131346647572225,0.89,62,0.425325718870204
91016,-0.8564462741729634,-0.3430164950055774,0.908,202,0.4246685595568028
91387,-0.8646543687113499,-0.4003128721810323,0.998,321,0.4211971063705588
91501,-0.8748415776343679,-0.750323398191644,0.98,48,0.416928065177212
90025,-0.8764086146192469,-0.779737664990952,0.996,25,0.4162752351170608
91741,-0.8806865027624176,-0.28815586475750354,0.856,229,0.4144982597852443
91381,-0.8851036643100618,-0.3953271975786685,0.99,267,0.41267139176652023
91702,-0.893987635505502,-0.37066237133349844,0.984,179,0.40902146792383104
91604,-0.8985237464903536,-0.7725857106800795,1.0,51,0.4071703028693874
91342,-0.9012313570656589,-0.25426543585641426,0.796,557,0.40606933541955653
91006,-0.907123288075311,0.08537134970572824,0.404,68,0.4036838374060024
91345,-0.9130090980514882,-0.7884438543408527,1.0,34,0.4013148097111308
91722,-0.918774782084362,-0.7446443564956229,0.978,42,0.39900761299578447
91502,-0.9219659380620222,-0.8455595047779947,1.0,16,0.39773634694938814
91602,-0.9222036777764012,-0.819380110765326,1.0,26,0.3976418004630389
91506,-0.9241425200590436,-0.792628982954549,1.0,24,0.39687158263368
91344,-0.9336194100558383,-0.7772795255241798,0.99,147,0.39312823994187124
90077,-0.9337949281877482,-0.7582154766850899,0.998,73,0.39305924486271643
91601,-0.9487562346806142,-0.8773807989181592,1.0,25,0.3872223377860468
90210,-0.9507372231526419,-0.756175487130994,1.0,111,0.38645601408859426
91307,-0.953629625314199,-0.819921619043551,0.988,44,0.38533984286428496
91504,-0.9540472324339728,-0.8730687262845231,0.996,50,0.38517895579850253
91505,-0.9574192363443179,-0.7727909514697422,0.998,53,0.3838823182154757
91326,-0.9650697369646539,-0.7623852157519999,1.0,119,0.38095663205378894
90024,-0.9699925307485936,-0.8687815539753068,1.0,31,0.3790858695804888
90638,-0.9811940842731904,-0.8008414241686665,0.968,79,0.37486321323051297
90272,-0.9854938201261242,-0.5120004505669482,0.992,254,0.3732548606561519
91311,-0.9900099622108224,-0.41278634531795966,0.996,237,0.37157298931515165
90049,-0.9914443278846566,-0.8139853151499556,0.998,157,0.3710403998293051
90404,-0.995774510682528,-0.8327555873191077,0.998,20,0.36943720065046426
90073,-1.003815412834486,-0.9618432691415757,1.0,6,0.36647850350732275
90095,-1.0256611781971077,-1.016586370773895,1.0,3,0.35855931541366737
91304,-1.0259720520021804,-0.7357704066345923,0.992,97,0.35844786603918355
90639,-1.0541928621303245,-1.0541928621303245,0.994,1,0.34847358004946016
91010,-1.0545222160616896,-0.5904965132307178,0.988,117,0.34835882780398286
91740,-1.0576093727744518,-0.778735826315915,0.978,54,0.34728504782661856
91340,-1.05944946787102,-0.9367912017719964,0.998,36,0.34664659789744
91321,-1.1438621842349583,-0.8434490157873524,0.988,274,0.31858620404931737
91354,-1.162445576070235,-0.6678011723118584,0.998,77,0.31272046327225794
91733,-1.1682728678632395,-0.8511157721921743,0.996,63,0.31090344916058005
90401,-1.1848585737562025,-1.0930075404467607,0.998,9,0.305789423090251
90403,-1.185085331997381,-1.0617930116158,1.0,15,0.30572009067964484
91008,-1.1964724599448746,-1.0696154044300994,0.996,20,0.3022585627254669
91351,-1.2509667279431511,-0.5489831517307886,1.0,104,0.28622795850246685
91731,-1.2626621377698242,-0.8381071825249857,0.988,40,0.2828999046357816
91355,-1.2892208069574955,-0.7100227748748287,0.986,150,0.2754853557546481
90402,-1.3105177309365017,-1.1636210196485028,1.0,17,0.26968039834997
91746,-1.3665756548308745,-0.8414448215682233,0.984,63,0.25497860104109693
91350,-1.441039526541893,-1.1223689857484396,0.998,140,0.23668159395801014
91706,-1.444558114390091,-1.029218608464841,0.994,155,0.235850272374307
91732,-1.6952859806729006,-1.5024267206807314,0.998,52,0.1835467307037673
