substance,n_recent,n_baseline,expected,share_recent_pct,share_baseline_pct,count_ratio,ebgm,eb05,eb95,expected_own,ebgm_own,eb05_own,eb95_own,z_spatial,concentration,credible_rise,n_total,first_seen,last_seen,date_added,date_added_censored,category,d_trend,interval_scale,poisson,treescan_ri,treescan_veto
PCP,137,232,68.22473137861955,6.363214119832792,4.2250956109998175,1.1810344827586208,1.8907083242252358,1.6054413036671766,2.214610346331145,87.0,1.482678918715598,1.2589747175707713,1.7366803904201638,12.002285727639055,1.0,False,712,2012-01-01,2025-10-01,1998-10-01,True,Depressants and Tranquilizers,0.8993448709087823,0.9483379518445849,ok,185.18518518518516,False
Cocaine,565,1216,357.5916955017301,26.24245239201115,22.14532871972318,0.9292763157894737,1.5653523340802729,1.442648747969704,1.6961565806544885,456.0,1.227537267599555,1.131314058726181,1.3301129521203023,11.27812156753854,1.0,False,4820,2012-01-01,2025-10-01,1998-10-01,True,Cocaine Alkaloids,2.486122337436269,1.5767442206763496,clustered,1.8221574344023326,False
Alprazolam,111,211,62.236094016044426,5.155596841616349,3.8426516117282827,1.052132701421801,1.6832065019951847,1.4047712768685607,2.003541869292551,79.3633052118207,1.3199575871408449,1.1016108275115162,1.5711621153837452,2.6107167800748003,0.990964731305376,False,937,2012-01-01,2025-10-01,1998-10-01,True,Benzodiazepines,2.045320235102144,1.4301469278022254,clustered,4.035512510088782,False
MDMA,22,38,11.310389720337263,1.0218300046446818,0.6920415224913494,1.1578947368421053,1.5176302005727886,1.0526515990169152,2.131890218132322,14.422979552803508,1.1901138956752044,0.825481272176349,1.671811847387074,2.092243400196601,0.9635832520413667,False,190,2012-01-01,2025-10-01,1998-10-01,True,Phenethylamines (Other) (H),1.774873140002596,1.332243648888069,ok,1.000300090027008,False
Carfentanil,12,13,3.836990821143184,0.557361820715281,0.23675104716809325,1.8461538461538463,1.626536976891041,1.036178864895085,2.4562605244489437,4.892920715024902,1.275517713061803,0.8125634652173317,1.9261804677173857,2.541806134020216,0.9889718676769839,False,27,2017-04-01,2025-10-01,1998-10-01,True,Fentanyl and Fentanyl-related,,,too_few,16.129032258064516,False
Methamphetamine,1851,4361,1709.931342196321,85.9730608453321,79.42087051538881,0.8488878697546435,1.081835850214098,1.0340728656718667,1.1313247681273968,2180.5,0.8483673593613018,0.810911993979307,0.887176188427106,0.0,0.0,False,16004,2012-01-01,2025-10-01,1998-10-01,True,Phenethylamines (Amphetamines) (S),0.9402009368366677,0.969639591207304,ok,1.0,False
Heroin,115,280,92.93912317447793,5.341384115188109,5.09925332362047,0.8214285714285714,1.2131583518293196,1.0155342341150633,1.4400008046954103,118.51572813540601,0.9513494517586858,0.7963741391366451,1.129237557836216,0.8665955346628128,0.6138363389883996,False,3027,2012-01-01,2025-10-01,1998-10-01,True,Heroin,1.285286279303023,1.1337046702307543,ok,1.0,False
Ethanol,385,885,347.00509925332364,17.88202508128193,16.117282826443272,0.8700564971751412,1.1056406242149563,1.0016934294317899,1.2179290848033792,442.5,0.8670348795515396,0.7855202885104835,0.9550906270977919,-1.6384597293950605,0.0,False,4516,2012-01-01,2025-10-01,,False,Supplement,0.6981278600067652,0.8355404598263122,ok,1.001201441730076,False
Oxycodone,37,73,28.623019486432344,1.718532280538783,1.3294481879439082,1.0136986301369864,1.2138789256723947,0.9019147227414165,1.605582033174397,36.5,0.9519145128247021,0.7072745894915283,1.2590850691845354,-0.5401533219314599,0.0,False,543,2012-01-01,2025-10-01,1998-10-01,True,Narcotic Analgesics,1.4561225966286622,1.2066990497338854,ok,2.6624068157614484,False
Amphetamine,33,70,27.44673101438718,1.5327450069670228,1.2748133309051175,0.9428571428571428,1.142322617599721,0.8365078922677562,1.530469081540273,35.0,0.8958006084804313,0.6559830579511552,1.2001820723558811,-0.1930994424142596,0.0,False,235,2013-01-01,2025-10-01,1998-10-01,True,Phenethylamines (Amphetamines) (S),2.68420746343772,1.6383551090766983,clustered,1.001401962747847,False
"1,1-Difluoroethane",8,8,3.136769258787106,0.3715745471435207,0.145692952103442,2.0,1.3806813652196466,0.8323602171164846,2.1824803504297314,4.0,1.082719657554253,0.6527304684653431,1.7114841868718003,0.0,0.0,False,28,2013-01-01,2025-07-01,,False,Supplement,,,too_few,1.0002000400080016,False
Ketamine,20,45,14.61313401181166,0.9289363678588016,0.8195228555818612,0.8888888888888888,1.2141984176454517,0.8311193927163156,1.7251954713664615,18.63463048278166,0.9521650488821395,0.6517574352532574,1.3528849895682682,1.0093158168710918,0.6871768030610383,False,101,2013-01-01,2025-10-01,1998-10-01,True,Depressants and Tranquilizers,0.8002337300782957,0.8945578405437491,ok,1.0,False
Morphine,30,65,25.486250227645236,1.3934045517882026,1.1837552358404662,0.9230769230769231,1.1199481008398993,0.8100224211551892,1.5169395832712655,32.5,0.8782546848222706,0.6352133558259557,1.1895723434856105,-0.0966791224591951,0.0,False,1278,2012-01-01,2025-07-01,1998-10-01,True,Narcotic Analgesics,4.2293895717479035,2.056547974579709,clustered,1.046134532900931,False
Lorazepam,12,23,7.556652115823708,0.557361820715281,0.4188672372973957,1.0434782608695652,1.2496502344661327,0.7960846755171768,1.8871175902526969,9.636223123081276,0.9799660797109639,0.6242834775018152,1.4798630410500444,0.9312393213108716,0.6482702180586863,False,106,2013-07-01,2025-10-01,1998-10-01,True,Benzodiazepines,,,too_few,1.0,False
Trazodone,11,23,6.764372488584627,0.5109150023223409,0.4188672372973957,0.9565217391304348,1.249013432272462,0.7861000433263425,1.9053286185628995,8.625910203162606,0.9794667028148213,0.6164536057926641,1.4941439845924158,3.601330827352497,0.9996834075956149,False,100,2012-10-01,2025-10-01,1999-11-01,False,Antidepressants,,,too_few,1.013273887931908,False
Chlordiazepoxide,6,5,1.9604807867419414,0.2786809103576405,0.09105809506465125,2.4,1.3447993934611944,0.7818800866943488,2.189476157139004,2.5,1.05458128951,0.6131443412373523,1.716970231079062,0.0,0.0,False,30,2012-10-01,2025-10-01,1998-10-01,True,Benzodiazepines,,,too_few,1.000300090027008,False
Fentanyl,1276,4004,1569.9530140229467,59.26614026939155,72.91932252777272,0.6373626373626373,0.8134924908771393,0.7704339102001123,0.8584300197024277,2002.0,0.637934559504249,0.6041683514724254,0.673174224231923,0.0,0.0,False,12157,2012-01-01,2025-10-01,1998-10-01,True,Fentanyl and Fentanyl-related,2.065048891907165,1.4370277978895067,clustered,1.0,False
Mitragynine,18,37,14.507557821890366,0.8360427310729215,0.6738299034784192,0.972972972972973,1.1328387801132218,0.7640730068857073,1.630076644191132,18.5,0.8883634514612047,0.5991801785828978,1.2782935425362572,-0.1978718974668063,0.0,False,87,2017-10-01,2025-10-01,2011-04-01,False,Narcotic Analgesics,1.3538963672829414,1.1635705252725086,ok,1.0,False
Nitrous oxide,4,1,0.39209615734838826,0.18578727357176034,0.01821161901293025,8.0,1.3571868049352385,0.7542810120033413,2.2912007007183215,0.5,1.064295389812204,0.5915013581173816,1.7967417971867716,0.0,0.0,False,10,2018-01-01,2025-10-01,,False,Supplement,,,too_few,1.0617965597791463,False
Diazepam,16,39,12.849125248401558,0.7431490942870413,0.7102531415042798,0.8205128205128205,1.1271697804462733,0.7477392238242994,1.6450125598315237,16.3851710959064,0.8839178648115077,0.5863713519782936,1.2900061695921374,0.9133457314891038,0.6389392623781744,False,174,2013-01-01,2025-10-01,1998-10-01,True,Benzodiazepines,0.6484373095752577,0.8052560521817006,ok,1.0,False
Hydrocodone,32,79,30.97559643052267,1.4862981885740827,1.4387179020214897,0.810126582278481,1.0148636637505102,0.7402243721578882,1.3644698005532945,39.5,0.7958482819478908,0.580478265145275,1.0700067198641816,-0.0589356677441193,0.0,False,478,2012-01-01,2025-10-01,1998-10-01,True,Narcotic Analgesics,1.4005088323105093,1.1834309579821332,ok,1.000100010001,False
Codeine,16,36,14.115461664541977,0.7431490942870413,0.655618284465489,0.8888888888888888,1.0640445578887743,0.7058633629400659,1.5528864349560574,18.0,0.834415555284724,0.5535326264373658,1.2177615785042224,-0.9379237033237076,0.0,False,142,2012-01-01,2025-10-01,1998-10-01,True,Narcotic Analgesics,1.1682130348332271,1.0808390420563216,ok,1.000100010001,False
Bupropion,7,12,4.705153888180659,0.3251277287505806,0.218539428155163,1.1666666666666667,1.1409278653048567,0.6760962028999892,1.829036748634341,6.0,0.8947068388181686,0.5301894479099203,1.4343164859400857,0.0,0.0,False,53,2012-04-01,2025-07-01,1999-11-01,False,Antidepressants,,,too_few,1.0,False
Quetiapine,13,39,11.67233215920033,0.6038086391082211,0.7102531415042798,0.6666666666666666,1.044215465030984,0.6727201289353041,1.562117608844986,14.884527609421507,0.8188657333341912,0.5275419588037298,1.2250005907772892,1.932998093171653,0.9467635672981525,False,174,2012-07-01,2025-10-01,2001-01-01,False,Other substances,2.9795512736029477,1.7261376751588928,clustered,1.0,False
Acetyl fentanyl,28,80,31.019551072293684,1.3005109150023224,1.45692952103442,0.7,0.912515371029104,0.6539993715712233,1.2458953405262974,39.556050844859406,0.715587541145125,0.5128612852488101,0.9770215442449819,0.0556695160634889,0.044394915514059274,False,173,2015-07-01,2025-10-01,2014-02-01,False,Fentanyl and Fentanyl-related,5.33439879453776,2.3096317443561776,clustered,1.0,False
Methadone,13,38,12.484903495708734,0.6038086391082211,0.6920415224913494,0.6842105263157895,1.0037746382624213,0.6466667337222859,1.5016192445447152,15.92071646422124,0.7871523509439097,0.5071110881671721,1.177558243903817,0.9312393213108716,0.6482702180586863,False,469,2012-01-01,2025-10-01,1998-10-01,True,Narcotic Analgesics,3.021583448395283,1.7382702460766228,clustered,1.0,False
Buprenorphine,4,5,1.9604807867419414,0.18578727357176034,0.09105809506465125,1.6,1.1536271063278347,0.6411490430582011,1.947551527007449,2.5,0.904665477735614,0.5027841554560772,1.5272548315804775,0.0,0.0,False,21,2014-10-01,2025-10-01,1998-10-01,True,Narcotic Analgesics,,,too_few,1.0,False
Naloxone,2,0,0.0,0.09289363678588017,0.0,,1.184578961522977,0.6210924901381382,2.0939201697422556,0.0,0.928937671736802,0.4870559610781708,1.6420359502280122,0.0,0.0,False,2,2025-07-01,2025-10-01,1998-10-01,True,Narcotics,,,too_few,1.0,False
Clomipramine,2,0,0.0,0.09289363678588017,0.0,,1.184578961522977,0.6210924901381382,2.0939201697422556,0.0,0.928937671736802,0.4870559610781708,1.6420359502280122,0.0,0.0,False,2,2025-10-01,2025-10-01,2001-04-01,False,Other substances,,,too_few,1.0,False
Carisoprodol,2,0,0.0,0.09289363678588017,0.0,,1.184578961522977,0.6210924901381382,2.0939201697422556,0.0,0.928937671736802,0.4870559610781708,1.6420359502280122,0.0,0.0,False,28,2012-01-01,2025-01-01,1998-10-01,True,Depressants and Tranquilizers,,,too_few,1.0,False
Rosuvastatin,2,0,0.0,0.09289363678588017,0.0,,1.184578961522977,0.6210924901381382,2.0939201697422556,0.0,0.928937671736802,0.4870559610781708,1.6420359502280122,0.0,0.0,False,2,2025-10-01,2025-10-01,2006-03-01,False,Other substances,,,too_few,1.0,False
Nicotine,2,1,0.39209615734838826,0.09289363678588017,0.01821161901293025,4.0,1.1323236584311813,0.5936942521359372,2.0015511199161216,0.5,0.8879594752339524,0.4655704777263873,1.5696008731712472,0.0,0.0,False,3,2024-04-01,2025-04-01,,False,Supplement,,,too_few,1.0,False
Olanzapine,5,11,4.313057730832271,0.2322340919647004,0.20032780914223275,0.9090909090909091,1.0197799736785516,0.5804554884983012,1.6889970174617024,5.5,0.7997036062518791,0.45518874378080854,1.324498420443816,0.0,0.0,False,80,2014-04-01,2025-10-01,1999-11-01,False,Other substances,,,too_few,1.0,False
MDMB-4en-PINACA,2,2,0.7841923146967765,0.09289363678588017,0.0364232380258605,2.0,1.0844838486343842,0.5686111233960627,1.9169871137131433,1.0,0.8504438730521416,0.4459004845373661,1.5032864482628348,0.0,0.0,False,4,2024-07-01,2025-10-01,2019-06-01,False,Synthetic Cannabinoids,,,too_few,1.0059350165979277,False
Clonazepam,11,33,12.939173192496813,0.5109150023223409,0.6009834274266982,0.6666666666666666,0.8892178666500441,0.5596530713271572,1.3564724010879894,16.5,0.6973178189500513,0.43887564798259987,1.063735215846642,-0.249014132079711,0.0,False,137,2014-01-01,2025-10-01,1998-10-01,True,Benzodiazepines,1.995456345461458,1.4126062244877227,clustered,1.0,False
Venlafaxine,3,6,2.3525769440903295,0.13934045517882024,0.1092697140775815,1.0,1.0198135423875063,0.5516192099196838,1.759092126527874,3.0,0.7997299284181393,0.4325755588242492,1.3794664487335293,0.0,0.0,False,28,2014-01-01,2025-04-01,1999-11-01,False,Antidepressants,,,too_few,1.0,False
Gabapentin,3,6,2.3525769440903295,0.13934045517882024,0.1092697140775815,1.0,1.0198135423875063,0.5516192099196838,1.759092126527874,3.0,0.7997299284181393,0.4325755588242492,1.3794664487335293,0.0,0.0,False,66,2013-10-01,2025-10-01,1999-11-01,False,Other substances,,,too_few,1.0,False
Fluoxetine,5,13,5.097250045529047,0.2322340919647004,0.23675104716809325,0.7692307692307693,0.9609505868536059,0.5469699903036747,1.591561628013905,6.5,0.7535700602015394,0.42892967641054824,1.2480903507596817,0.0,0.0,False,78,2012-01-01,2025-07-01,1998-10-01,True,Antidepressants,,,too_few,1.00080064051241,False
Nortriptyline,2,3,1.1762884720451647,0.09289363678588017,0.05463485703879075,1.3333333333333333,1.040522564928265,0.5455615639715068,1.8392789814315633,1.5,0.8159697799101934,0.42782520017931364,1.4423483444342429,0.0,0.0,False,16,2014-10-01,2025-07-01,1998-10-01,True,Antidepressants,,,too_few,1.0,False
Acetaminophen,2,3,1.1762884720451647,0.09289363678588017,0.05463485703879075,1.3333333333333333,1.040522564928265,0.5455615639715068,1.8392789814315633,1.5,0.8159697799101934,0.42782520017931364,1.4423483444342429,0.0,0.0,False,22,2012-01-01,2025-07-01,1998-10-01,True,Analgesics,,,too_few,1.0,False
Zolpidem,2,3,1.1762884720451647,0.09289363678588017,0.05463485703879075,1.3333333333333333,1.040522564928265,0.5455615639715068,1.8392789814315633,1.5,0.8159697799101934,0.42782520017931364,1.4423483444342429,0.0,0.0,False,40,2012-10-01,2025-07-01,1998-10-01,True,Depressants and Tranquilizers,,,too_few,1.0,False
Ziprasidone,1,0,0.0,0.046446818392940084,0.0,,1.0669841934689466,0.5395062731355008,1.9399627839082974,0.0,0.8367207784873677,0.4230766882842186,1.521303780274152,0.0,0.0,False,2,2019-04-01,2025-07-01,2003-07-01,False,Other,,,too_few,1.0,False
Lacosamide,1,0,0.0,0.046446818392940084,0.0,,1.0669841934689466,0.5395062731355008,1.9399627839082974,0.0,0.8367207784873677,0.4230766882842186,1.521303780274152,0.0,0.0,False,2,2022-10-01,2025-07-01,2010-06-01,False,Other,,,too_few,1.0,False
Butalbital,1,0,0.0,0.046446818392940084,0.0,,1.0669841934689466,0.5395062731355008,1.9399627839082974,0.0,0.8367207784873677,0.4230766882842186,1.521303780274152,0.0,0.0,False,5,2015-10-01,2025-01-01,1998-10-01,True,Depressants and Tranquilizers,,,too_few,1.0,False
Desloratadine,1,0,0.0,0.046446818392940084,0.0,,1.0669841934689466,0.5395062731355008,1.9399627839082974,0.0,0.8367207784873677,0.4230766882842186,1.521303780274152,0.0,0.0,False,6,2014-04-01,2025-07-01,2023-10-01,False,Other substances,,,too_few,1.0,False
Aripiprazole,1,0,0.0,0.046446818392940084,0.0,,1.0669841934689466,0.5395062731355008,1.9399627839082974,0.0,0.8367207784873677,0.4230766882842186,1.521303780274152,0.0,0.0,False,3,2016-07-01,2025-07-01,2004-08-01,False,Other substances,,,too_few,1.0,False
Atenolol,1,0,0.0,0.046446818392940084,0.0,,1.0669841934689466,0.5395062731355008,1.9399627839082974,0.0,0.8367207784873677,0.4230766882842186,1.521303780274152,0.0,0.0,False,2,2021-01-01,2025-04-01,1999-11-01,False,Other substances,,,too_few,1.0,False
Prochlorperazine,1,0,0.0,0.046446818392940084,0.0,,1.0669841934689466,0.5395062731355008,1.9399627839082974,0.0,0.8367207784873677,0.4230766882842186,1.521303780274152,0.0,0.0,False,1,2025-04-01,2025-04-01,1998-10-01,True,Depressants and Tranquilizers,,,too_few,1.0,False
Amitriptyline,1,0,0.0,0.046446818392940084,0.0,,1.0669841934689466,0.5395062731355008,1.9399627839082974,0.0,0.8367207784873677,0.4230766882842186,1.521303780274152,0.0,0.0,False,28,2013-04-01,2025-07-01,1998-10-01,True,Antidepressants,,,too_few,1.0,False
Lidocaine,5,8,3.136769258787106,0.2322340919647004,0.145692952103442,1.25,1.01679174578052,0.5255278237918884,1.8175436722988458,4.0,0.7973602571815785,0.4121148975905449,1.4253036843899618,-0.186766780629285,0.0,False,14,2021-10-01,2025-10-01,1998-10-01,True,Other substances,,,too_few,1111.111111111111,False
Dextromethorphan,2,4,1.568384629393553,0.09289363678588017,0.072846476051721,1.0,0.9999865154842348,0.5243079061679049,1.767625462088794,2.0,0.7841817280587645,0.41115824757704356,1.3861582193958568,0.0,0.0,False,18,2017-07-01,2025-04-01,1998-10-01,True,Other substances,,,too_few,1.0,False
Clozapine,2,4,1.568384629393553,0.09289363678588017,0.072846476051721,1.0,0.9999865154842348,0.5243079061679049,1.767625462088794,2.0,0.7841817280587645,0.41115824757704356,1.3861582193958568,0.0,0.0,False,23,2013-10-01,2025-04-01,2003-07-01,False,Other substances,,,too_few,1.0,False
Amlodipine,2,5,1.9604807867419414,0.09289363678588017,0.09105809506465125,0.8,0.9624903961285151,0.5046481292365136,1.7013454730325457,2.5,0.7547775651026102,0.39574120369558197,1.3341819737021103,0.0,0.0,False,23,2014-07-01,2025-04-01,1999-12-01,False,Other substances,,,too_few,1.0,False
Promethazine,1,0,0.0,0.046446818392940084,0.0,,1.0081957142379618,0.49942495284277744,1.8622595118927765,0.0,0.7906193149299116,0.3916452304617874,1.4603694862127432,0.0,0.0,False,7,2014-01-01,2025-04-01,1998-10-01,True,Other substances,,,too_few,1.0059350165979277,False
MDA,1,2,0.7841923146967765,0.046446818392940084,0.0364232380258605,1.0,0.9768256588632761,0.49391881711300545,1.7760388918231995,1.0,0.7660191648698846,0.3873273614900272,1.3927559602209616,0.0,0.0,False,9,2016-07-01,2025-04-01,1998-10-01,True,Phenethylamines (Amphetamines) (H),,,too_few,1.0,False
Loperamide,1,2,0.7841923146967765,0.046446818392940084,0.0364232380258605,1.0,0.9768256588632761,0.49391881711300545,1.7760388918231995,1.0,0.7660191648698846,0.3873273614900272,1.3927559602209616,0.0,0.0,False,6,2013-04-01,2025-10-01,1998-10-01,True,Other substances,,,too_few,1.0,False
Lamotrigine,1,2,0.7841923146967765,0.046446818392940084,0.0364232380258605,1.0,0.9768256588632761,0.49391881711300545,1.7760388918231995,1.0,0.7660191648698846,0.3873273614900272,1.3927559602209616,0.0,0.0,False,24,2013-04-01,2025-07-01,2001-01-01,False,Other substances,,,too_few,1.0,False
Salicylate,1,2,0.7841923146967765,0.046446818392940084,0.0364232380258605,1.0,0.9768256588632761,0.49391881711300545,1.7760388918231995,1.0,0.7660191648698846,0.3873273614900272,1.3927559602209616,0.0,0.0,False,6,2015-10-01,2025-01-01,,False,Supplement,,,too_few,1.0,False
GHB,1,2,0.7841923146967765,0.046446818392940084,0.0364232380258605,1.0,0.9768256588632761,0.49391881711300545,1.7760388918231995,1.0,0.7660191648698846,0.3873273614900272,1.3927559602209616,0.0,0.0,False,21,2014-04-01,2025-01-01,,False,Supplement,,,too_few,1.0,False
Citalopram,5,17,6.6656346749226,0.2322340919647004,0.30959752321981426,0.5882352941176471,0.8615480758587073,0.49039040003248063,1.4269275413167792,8.5,0.6756193850534105,0.38456040056865964,1.1189855858204238,0.0,0.0,False,102,2012-01-01,2025-10-01,2000-07-01,False,Antidepressants,,,too_few,1.0,False
Chlorcyclizine,1,1,0.39209615734838826,0.046446818392940084,0.01821161901293025,2.0,0.9795626609001947,0.48349780326497793,1.8143700437058752,0.5,0.7681654996628658,0.3791552842222789,1.4228149436807378,0.0,0.0,False,7,2012-07-01,2025-10-01,2023-10-01,False,Other substances,,,too_few,1.0,False
Mirtazapine,3,10,3.9209615734838827,0.13934045517882024,0.1821161901293025,0.6,0.8910047529530835,0.4819462749121896,1.5369078566551544,5.0,0.6987190825309927,0.37793858507315975,1.205231287702195,0.0,0.0,False,44,2012-10-01,2025-07-01,2000-07-01,False,Antidepressants,,,too_few,1.0,False
Bromazolam,7,26,10.194500091058094,0.3251277287505806,0.4735020943361865,0.5384615384615384,0.8058470434229423,0.47753249153122845,1.29186419318899,13.0,0.6319390668542416,0.3744773264622965,1.0130699603189697,0.0,0.0,False,35,2021-04-01,2025-10-01,2017-09-01,False,Benzodiazepines,,,too_few,1.0,False
Cannabis,1,1,0.39209615734838826,0.046446818392940084,0.01821161901293025,2.0,0.9712359253319652,0.4769345966356003,1.8060264392488241,0.5,0.7616357389680629,0.3740084689219652,1.4162719544012767,0.0,0.0,False,10,2012-01-01,2025-10-01,,False,Supplement,,,too_few,1.0,False
Tramadol,10,39,15.291750136587142,0.4644681839294008,0.7102531415042798,0.5128205128205128,0.7592486907261717,0.47162255999952585,1.170913609606071,19.5,0.59539699780906,0.36984280155221144,0.9182214509216899,-1.1110421110711604,0.0,False,163,2012-04-01,2025-10-01,1999-11-01,False,Narcotic Analgesics,0.7111953677560015,0.8433239992766727,ok,1.0,False
2-Methyl AP-237,0,0,0.0,0.0,0.0,,0.9494146218105494,0.45987085333163713,1.7840184192360695,0.0,0.744523644042375,0.36062721491797395,1.39901343755096,0.0,0.0,False,1,2021-04-01,2021-04-01,2019-12-01,False,Narcotic Analgesics,,,too_few,1.0,False
25B-NBOH,0,0,0.0,0.0,0.0,,0.9494146218105494,0.45987085333163713,1.7840184192360695,0.0,0.744523644042375,0.36062721491797395,1.39901343755096,0.0,0.0,False,0,,,2017-05-01,False,Phenethylamines (2C Series) (H),,,too_few,1.0,False
Eszopiclone,0,0,0.0,0.0,0.0,,0.9494146218105494,0.45987085333163713,1.7840184192360695,0.0,0.744523644042375,0.36062721491797395,1.39901343755096,0.0,0.0,False,3,2016-07-01,2022-07-01,2006-04-01,False,Depressants and Tranquilizers,,,too_few,1.0,False
Anabasine,0,0,0.0,0.0,0.0,,0.9494146218105494,0.45987085333163713,1.7840184192360695,0.0,0.744523644042375,0.36062721491797395,1.39901343755096,0.0,0.0,False,2,2018-04-01,2018-04-01,,False,Supplement,,,too_few,1.0,False
Amyl nitrite,0,0,0.0,0.0,0.0,,0.9494146218105494,0.45987085333163713,1.7840184192360695,0.0,0.744523644042375,0.36062721491797395,1.39901343755096,0.0,0.0,False,1,2016-01-01,2016-01-01,,False,Supplement,,,too_few,1.0,False
Chlorpromazine,0,0,0.0,0.0,0.0,,0.9494146218105494,0.45987085333163713,1.7840184192360695,0.0,0.744523644042375,0.36062721491797395,1.39901343755096,0.0,0.0,False,4,2015-01-01,2022-07-01,1998-10-01,True,Depressants and Tranquilizers,,,too_few,1.0,False
Cerberin,0,0,0.0,0.0,0.0,,0.9494146218105494,0.45987085333163713,1.7840184192360695,0.0,0.744523644042375,0.36062721491797395,1.39901343755096,0.0,0.0,False,1,2017-01-01,2017-01-01,,False,Supplement,,,too_few,1.0,False
Carbidopa,0,0,0.0,0.0,0.0,,0.9494146218105494,0.45987085333163713,1.7840184192360695,0.0,0.744523644042375,0.36062721491797395,1.39901343755096,0.0,0.0,False,1,2022-10-01,2022-10-01,1999-11-01,False,Other substances,,,too_few,1.0,False
Deoxymethoxetamine,0,0,0.0,0.0,0.0,,0.9494146218105494,0.45987085333163713,1.7840184192360695,0.0,0.744523644042375,0.36062721491797395,1.39901343755096,0.0,0.0,False,1,2022-04-01,2022-04-01,2024-08-01,False,Hallucinogens,,,too_few,1.0,False
Depakote,0,0,0.0,0.0,0.0,,0.9494146218105494,0.45987085333163713,1.7840184192360695,0.0,0.744523644042375,0.36062721491797395,1.39901343755096,0.0,0.0,False,1,2014-01-01,2014-01-01,2000-07-01,False,Other substances,,,too_few,1.0,False
Clindamycin,0,0,0.0,0.0,0.0,,0.9494146218105494,0.45987085333163713,1.7840184192360695,0.0,0.744523644042375,0.36062721491797395,1.39901343755096,0.0,0.0,False,2,2015-07-01,2015-07-01,2000-07-01,False,Other substances,,,too_few,1.0,False
Carvedilol,0,0,0.0,0.0,0.0,,0.9494146218105494,0.45987085333163713,1.7840184192360695,0.0,0.744523644042375,0.36062721491797395,1.39901343755096,0.0,0.0,False,1,2021-04-01,2021-04-01,2005-01-01,False,Other substances,,,too_few,1.0,False
Chloroform,0,0,0.0,0.0,0.0,,0.9494146218105494,0.45987085333163713,1.7840184192360695,0.0,0.744523644042375,0.36062721491797395,1.39901343755096,0.0,0.0,False,1,2012-07-01,2012-07-01,1998-10-01,True,Other substances,,,too_few,1.0,False
25C-NBOMe,0,0,0.0,0.0,0.0,,0.9494146218105494,0.45987085333163713,1.7840184192360695,0.0,0.744523644042375,0.36062721491797395,1.39901343755096,0.0,0.0,False,1,2014-01-01,2014-01-01,2012-05-01,False,Phenethylamines (2C Series) (H),,,too_few,1.0,False
5F-MDMB-PICA,0,0,0.0,0.0,0.0,,0.9494146218105494,0.45987085333163713,1.7840184192360695,0.0,0.744523644042375,0.36062721491797395,1.39901343755096,0.0,0.0,False,0,,,2017-05-01,False,Synthetic Cannabinoids,,,too_few,1.0,False
4-ANPP,0,0,0.0,0.0,0.0,,0.9494146218105494,0.45987085333163713,1.7840184192360695,0.0,0.744523644042375,0.36062721491797395,1.39901343755096,0.0,0.0,False,1,2021-01-01,2021-01-01,1998-10-01,True,Fentanyl and Fentanyl-related,,,too_few,1.0,False
Acryl fentanyl,0,0,0.0,0.0,0.0,,0.9494146218105494,0.45987085333163713,1.7840184192360695,0.0,0.744523644042375,0.36062721491797395,1.39901343755096,0.0,0.0,False,4,2016-10-01,2022-07-01,2016-11-01,False,Fentanyl and Fentanyl-related,,,too_few,1.0,False
Amantadine,0,0,0.0,0.0,0.0,,0.9494146218105494,0.45987085333163713,1.7840184192360695,0.0,0.744523644042375,0.36062721491797395,1.39901343755096,0.0,0.0,False,2,2012-07-01,2012-07-01,2003-07-01,False,Other substances,,,too_few,1.0,False
alpha-PVP,0,0,0.0,0.0,0.0,,0.9494146218105494,0.45987085333163713,1.7840184192360695,0.0,0.744523644042375,0.36062721491797395,1.39901343755096,0.0,0.0,False,0,,,2012-04-01,False,Synthetic Cathinones,,,too_few,1.0,False
Warfarin,0,0,0.0,0.0,0.0,,0.9494146218105494,0.45987085333163713,1.7840184192360695,0.0,0.744523644042375,0.36062721491797395,1.39901343755096,0.0,0.0,False,0,,,2003-07-01,False,Other substances,,,too_few,1.0,False
Vilazodone,0,0,0.0,0.0,0.0,,0.9494146218105494,0.45987085333163713,1.7840184192360695,0.0,0.744523644042375,0.36062721491797395,1.39901343755096,0.0,0.0,False,1,2017-01-01,2017-01-01,2012-11-01,False,Antidepressants,,,too_few,1.0,False
U-47700,0,0,0.0,0.0,0.0,,0.9494146218105494,0.45987085333163713,1.7840184192360695,0.0,0.744523644042375,0.36062721491797395,1.39901343755096,0.0,0.0,False,5,2016-04-01,2017-07-01,2016-05-01,False,Narcotic Analgesics,,,too_few,1.0,False
Valproate,0,0,0.0,0.0,0.0,,0.9494146218105494,0.45987085333163713,1.7840184192360695,0.0,0.744523644042375,0.36062721491797395,1.39901343755096,0.0,0.0,False,2,2022-10-01,2022-10-01,1998-10-01,True,Other substances,,,too_few,1.0,False
Verapamil,0,0,0.0,0.0,0.0,,0.9494146218105494,0.45987085333163713,1.7840184192360695,0.0,0.744523644042375,0.36062721491797395,1.39901343755096,0.0,0.0,False,5,2012-01-01,2021-10-01,2000-03-01,False,Other substances,,,too_few,1.0,False
Terazosin,0,0,0.0,0.0,0.0,,0.9494146218105494,0.45987085333163713,1.7840184192360695,0.0,0.744523644042375,0.36062721491797395,1.39901343755096,0.0,0.0,False,0,,,2003-07-01,False,Other substances,,,too_few,1.0,False
Tamsulosin,0,0,0.0,0.0,0.0,,0.9494146218105494,0.45987085333163713,1.7840184192360695,0.0,0.744523644042375,0.36062721491797395,1.39901343755096,0.0,0.0,False,2,2020-07-01,2020-07-01,2004-03-01,False,Other substances,,,too_few,1.0,False
Rocuronium,0,0,0.0,0.0,0.0,,0.9494146218105494,0.45987085333163713,1.7840184192360695,0.0,0.744523644042375,0.36062721491797395,1.39901343755096,0.0,0.0,False,1,2019-04-01,2019-04-01,2016-03-01,False,Other substances,,,too_few,1.0,False
Thiothixene,0,0,0.0,0.0,0.0,,0.9494146218105494,0.45987085333163713,1.7840184192360695,0.0,0.744523644042375,0.36062721491797395,1.39901343755096,0.0,0.0,False,1,2013-04-01,2013-04-01,1998-10-01,True,Depressants and Tranquilizers,,,too_few,1.0,False
Tianeptine,0,0,0.0,0.0,0.0,,0.9494146218105494,0.45987085333163713,1.7840184192360695,0.0,0.744523644042375,0.36062721491797395,1.39901343755096,0.0,0.0,False,1,2020-04-01,2020-04-01,2018-06-01,False,Antidepressants,,,too_few,1.0,False
Risperidone,0,0,0.0,0.0,0.0,,0.9494146218105494,0.45987085333163713,1.7840184192360695,0.0,0.744523644042375,0.36062721491797395,1.39901343755096,0.0,0.0,False,3,2019-07-01,2020-07-01,2003-07-01,False,Other substances,,,too_few,1.0,False
Sumatriptan,0,0,0.0,0.0,0.0,,0.9494146218105494,0.45987085333163713,1.7840184192360695,0.0,0.744523644042375,0.36062721491797395,1.39901343755096,0.0,0.0,False,1,2016-10-01,2016-10-01,2001-08-01,False,Other substances,,,too_few,1.0,False
Oxcarbazepine,0,0,0.0,0.0,0.0,,0.9494146218105494,0.45987085333163713,1.7840184192360695,0.0,0.744523644042375,0.36062721491797395,1.39901343755096,0.0,0.0,False,1,2015-01-01,2015-01-01,2003-10-01,False,Other,,,too_few,1.0,False
Nifedipine,0,0,0.0,0.0,0.0,,0.9494146218105494,0.45987085333163713,1.7840184192360695,0.0,0.744523644042375,0.36062721491797395,1.39901343755096,0.0,0.0,False,1,2019-01-01,2019-01-01,2000-11-01,False,Other substances,,,too_few,1.0,False
Neriifolin,0,0,0.0,0.0,0.0,,0.9494146218105494,0.45987085333163713,1.7840184192360695,0.0,0.744523644042375,0.36062721491797395,1.39901343755096,0.0,0.0,False,1,2017-01-01,2017-01-01,,False,Supplement,,,too_few,1.0,False
Oleandrin,0,0,0.0,0.0,0.0,,0.9494146218105494,0.45987085333163713,1.7840184192360695,0.0,0.744523644042375,0.36062721491797395,1.39901343755096,0.0,0.0,False,1,2012-07-01,2012-07-01,,False,Supplement,,,too_few,1.0,False
Propofol,0,0,0.0,0.0,0.0,,0.9494146218105494,0.45987085333163713,1.7840184192360695,0.0,0.744523644042375,0.36062721491797395,1.39901343755096,0.0,0.0,False,3,2013-07-01,2020-10-01,2000-07-01,False,Depressants and Tranquilizers,,,too_few,1.0,False
Perphenazine,0,0,0.0,0.0,0.0,,0.9494146218105494,0.45987085333163713,1.7840184192360695,0.0,0.744523644042375,0.36062721491797395,1.39901343755096,0.0,0.0,False,2,2019-10-01,2020-01-01,1998-10-01,True,Depressants and Tranquilizers,,,too_few,1.0,False
Phenylpropanolamine,0,0,0.0,0.0,0.0,,0.9494146218105494,0.45987085333163713,1.7840184192360695,0.0,0.744523644042375,0.36062721491797395,1.39901343755096,0.0,0.0,False,0,,,1998-10-01,True,Phenethylamines (Amphetamines) (S),,,too_few,1.0,False
Delorazepam,0,0,0.0,0.0,0.0,,0.9494146218105494,0.45987085333163713,1.7840184192360695,0.0,0.744523644042375,0.36062721491797395,1.39901343755096,0.0,0.0,False,1,2017-10-01,2017-10-01,1998-10-01,True,Benzodiazepines,,,too_few,1.0,False
Clonazolam,0,0,0.0,0.0,0.0,,0.9494146218105494,0.45987085333163713,1.7840184192360695,0.0,0.744523644042375,0.36062721491797395,1.39901343755096,0.0,0.0,False,2,2021-04-01,2022-01-01,2016-02-01,False,Benzodiazepines,,,too_few,1.0,False
Diclazepam,0,0,0.0,0.0,0.0,,0.9494146218105494,0.45987085333163713,1.7840184192360695,0.0,0.744523644042375,0.36062721491797395,1.39901343755096,0.0,0.0,False,1,2018-04-01,2018-04-01,2015-06-01,False,Benzodiazepines,,,too_few,1.0,False
Digoxin,0,0,0.0,0.0,0.0,,0.9494146218105494,0.45987085333163713,1.7840184192360695,0.0,0.744523644042375,0.36062721491797395,1.39901343755096,0.0,0.0,False,2,2015-04-01,2015-04-01,1999-11-01,False,Other substances,,,too_few,1.0,False
Cyclopropyl fentanyl,0,0,0.0,0.0,0.0,,0.9494146218105494,0.45987085333163713,1.7840184192360695,0.0,0.744523644042375,0.36062721491797395,1.39901343755096,0.0,0.0,False,3,2017-07-01,2017-10-01,2017-08-01,False,Fentanyl and Fentanyl-related,,,too_few,1.0,False
Escitalopram,0,0,0.0,0.0,0.0,,0.9494146218105494,0.45987085333163713,1.7840184192360695,0.0,0.744523644042375,0.36062721491797395,1.39901343755096,0.0,0.0,False,0,,,2003-08-01,False,Antidepressants,,,too_few,1.0,False
Disulfiram,0,0,0.0,0.0,0.0,,0.9494146218105494,0.45987085333163713,1.7840184192360695,0.0,0.744523644042375,0.36062721491797395,1.39901343755096,0.0,0.0,False,1,2021-04-01,2021-04-01,2008-07-01,False,Other,,,too_few,1.0,False
Dothiepin,0,0,0.0,0.0,0.0,,0.9494146218105494,0.45987085333163713,1.7840184192360695,0.0,0.744523644042375,0.36062721491797395,1.39901343755096,0.0,0.0,False,1,2014-01-01,2014-01-01,2008-06-01,False,Antidepressants,,,too_few,1.0,False
Diltiazem,0,0,0.0,0.0,0.0,,0.9494146218105494,0.45987085333163713,1.7840184192360695,0.0,0.744523644042375,0.36062721491797395,1.39901343755096,0.0,0.0,False,2,2018-01-01,2018-04-01,2005-09-01,False,Other substances,,,too_few,1.0,False
Dimethyltryptamine,0,0,0.0,0.0,0.0,,0.9494146218105494,0.45987085333163713,1.7840184192360695,0.0,0.744523644042375,0.36062721491797395,1.39901343755096,0.0,0.0,False,0,,,1998-10-01,True,Tryptamines,,,too_few,1.0,False
Donepezil,0,0,0.0,0.0,0.0,,0.9494146218105494,0.45987085333163713,1.7840184192360695,0.0,0.744523644042375,0.36062721491797395,1.39901343755096,0.0,0.0,False,3,2017-04-01,2018-04-01,2000-07-01,False,Other substances,,,too_few,1.0,False
Desvenlafaxine,0,0,0.0,0.0,0.0,,0.9494146218105494,0.45987085333163713,1.7840184192360695,0.0,0.744523644042375,0.36062721491797395,1.39901343755096,0.0,0.0,False,3,2018-01-01,2021-04-01,2010-04-01,False,Antidepressants,,,too_few,1.0,False
Caffeine,0,0,0.0,0.0,0.0,,0.9494146218105494,0.45987085333163713,1.7840184192360695,0.0,0.744523644042375,0.36062721491797395,1.39901343755096,0.0,0.0,False,6,2014-04-01,2015-07-01,1998-10-01,True,Stimulants,,,too_few,1.0,False
Brompheniramine,0,0,0.0,0.0,0.0,,0.9494146218105494,0.45987085333163713,1.7840184192360695,0.0,0.744523644042375,0.36062721491797395,1.39901343755096,0.0,0.0,False,1,2017-07-01,2017-07-01,2003-07-01,False,Other substances,,,too_few,1.0,False
Atorvastatin,0,0,0.0,0.0,0.0,,0.9494146218105494,0.45987085333163713,1.7840184192360695,0.0,0.744523644042375,0.36062721491797395,1.39901343755096,0.0,0.0,False,2,2014-10-01,2019-04-01,2003-07-01,False,Other substances,,,too_few,1.0,False
Carbamazepine,0,0,0.0,0.0,0.0,,0.9494146218105494,0.45987085333163713,1.7840184192360695,0.0,0.744523644042375,0.36062721491797395,1.39901343755096,0.0,0.0,False,1,2014-10-01,2014-10-01,1999-12-01,False,Other substances,,,too_few,1.0,False
Butyl Nitrite,0,0,0.0,0.0,0.0,,0.9494146218105494,0.45987085333163713,1.7840184192360695,0.0,0.744523644042375,0.36062721491797395,1.39901343755096,0.0,0.0,False,1,2016-01-01,2016-01-01,1998-10-01,True,Other substances,,,too_few,1.0,False
Levetiracetam,0,0,0.0,0.0,0.0,,0.9494146218105494,0.45987085333163713,1.7840184192360695,0.0,0.744523644042375,0.36062721491797395,1.39901343755096,0.0,0.0,False,2,2014-07-01,2015-10-01,2003-09-01,False,Other substances,,,too_few,1.0,False
Memantine,0,0,0.0,0.0,0.0,,0.9494146218105494,0.45987085333163713,1.7840184192360695,0.0,0.744523644042375,0.36062721491797395,1.39901343755096,0.0,0.0,False,3,2018-07-01,2022-01-01,2006-03-01,False,Other,,,too_few,1.0,False
Meperidine,0,0,0.0,0.0,0.0,,0.9494146218105494,0.45987085333163713,1.7840184192360695,0.0,0.744523644042375,0.36062721491797395,1.39901343755096,0.0,0.0,False,3,2013-04-01,2017-07-01,1998-10-01,True,Narcotic Analgesics,,,too_few,1.0,False
Metaxalone,0,0,0.0,0.0,0.0,,0.9494146218105494,0.45987085333163713,1.7840184192360695,0.0,0.744523644042375,0.36062721491797395,1.39901343755096,0.0,0.0,False,2,2014-07-01,2014-07-01,1998-10-01,True,Other substances,,,too_few,1.0,False
Metformin,0,0,0.0,0.0,0.0,,0.9494146218105494,0.45987085333163713,1.7840184192360695,0.0,0.744523644042375,0.36062721491797395,1.39901343755096,0.0,0.0,False,7,2014-04-01,2021-01-01,2001-06-01,False,Other substances,,,too_few,1.0,False
Lurasidone,0,0,0.0,0.0,0.0,,0.9494146218105494,0.45987085333163713,1.7840184192360695,0.0,0.744523644042375,0.36062721491797395,1.39901343755096,0.0,0.0,False,1,2012-04-01,2012-04-01,2011-11-01,False,Other substances,,,too_few,1.0,False
Guanfacine,0,0,0.0,0.0,0.0,,0.9494146218105494,0.45987085333163713,1.7840184192360695,0.0,0.744523644042375,0.36062721491797395,1.39901343755096,0.0,0.0,False,1,2021-07-01,2021-07-01,2011-05-01,False,Other substances,,,too_few,1.0,False
Insulin,0,0,0.0,0.0,0.0,,0.9494146218105494,0.45987085333163713,1.7840184192360695,0.0,0.744523644042375,0.36062721491797395,1.39901343755096,0.0,0.0,False,6,2014-01-01,2021-10-01,2000-07-01,False,Other substances,,,too_few,1.0,False
Isopropanol,0,0,0.0,0.0,0.0,,0.9494146218105494,0.45987085333163713,1.7840184192360695,0.0,0.744523644042375,0.36062721491797395,1.39901343755096,0.0,0.0,False,7,2014-10-01,2021-01-01,,False,Supplement,,,too_few,1.0,False
Lithium,0,0,0.0,0.0,0.0,,0.9494146218105494,0.45987085333163713,1.7840184192360695,0.0,0.744523644042375,0.36062721491797395,1.39901343755096,0.0,0.0,False,1,2016-10-01,2016-10-01,2008-07-01,False,Other substances,,,too_few,1.0,False
Pseudoephedrine,0,0,0.0,0.0,0.0,,0.9494146218105494,0.45987085333163713,1.7840184192360695,0.0,0.744523644042375,0.36062721491797395,1.39901343755096,0.0,0.0,False,3,2019-10-01,2022-04-01,1998-10-01,True,Other substances,,,too_few,1.0,False
Meprobamate,0,0,0.0,0.0,0.0,,0.9494146218105494,0.45987085333163713,1.7840184192360695,0.0,0.744523644042375,0.36062721491797395,1.39901343755096,0.0,0.0,False,7,2012-07-01,2022-10-01,1998-10-01,True,Depressants and Tranquilizers,,,too_few,1.0,False
Meloxicam,0,0,0.0,0.0,0.0,,0.9494146218105494,0.45987085333163713,1.7840184192360695,0.0,0.744523644042375,0.36062721491797395,1.39901343755096,0.0,0.0,False,0,,,2003-07-01,False,Analgesics,,,too_few,1.0,False
Loratadine,0,0,0.0,0.0,0.0,,0.9494146218105494,0.45987085333163713,1.7840184192360695,0.0,0.744523644042375,0.36062721491797395,1.39901343755096,0.0,0.0,False,1,2021-01-01,2021-01-01,,False,Supplement,,,too_few,1.0,False
MMC,0,0,0.0,0.0,0.0,,0.9494146218105494,0.45987085333163713,1.7840184192360695,0.0,0.744523644042375,0.36062721491797395,1.39901343755096,0.0,0.0,False,1,2022-04-01,2022-04-01,2018-03-01,False,Synthetic Cathinones,,,too_few,1.0,False
Levodopa,0,0,0.0,0.0,0.0,,0.9494146218105494,0.45987085333163713,1.7840184192360695,0.0,0.744523644042375,0.36062721491797395,1.39901343755096,0.0,0.0,False,1,2022-10-01,2022-10-01,1999-11-01,False,Other substances,,,too_few,1.0,False
Isosorbide Mononitrate,0,0,0.0,0.0,0.0,,0.9494146218105494,0.45987085333163713,1.7840184192360695,0.0,0.744523644042375,0.36062721491797395,1.39901343755096,0.0,0.0,False,1,2017-07-01,2017-07-01,2003-07-01,False,Other substances,,,too_few,1.0,False
LSD,0,0,0.0,0.0,0.0,,0.9494146218105494,0.45987085333163713,1.7840184192360695,0.0,0.744523644042375,0.36062721491797395,1.39901343755096,0.0,0.0,False,1,2020-07-01,2020-07-01,,False,Supplement,,,too_few,1.0,False
Fluoride,0,0,0.0,0.0,0.0,,0.9494146218105494,0.45987085333163713,1.7840184192360695,0.0,0.744523644042375,0.36062721491797395,1.39901343755096,0.0,0.0,False,1,2021-04-01,2021-04-01,2005-01-01,False,Other,,,too_few,1.0,False
Flurazepam,0,0,0.0,0.0,0.0,,0.9494146218105494,0.45987085333163713,1.7840184192360695,0.0,0.744523644042375,0.36062721491797395,1.39901343755096,0.0,0.0,False,1,2015-04-01,2015-04-01,1998-10-01,True,Benzodiazepines,,,too_few,1.0,False
Ibuprofen,0,0,0.0,0.0,0.0,,0.9494146218105494,0.45987085333163713,1.7840184192360695,0.0,0.744523644042375,0.36062721491797395,1.39901343755096,0.0,0.0,False,2,2016-01-01,2019-10-01,1998-10-01,True,Analgesics,,,too_few,1.0,False
Hydrochlorothiazide,0,0,0.0,0.0,0.0,,0.9494146218105494,0.45987085333163713,1.7840184192360695,0.0,0.744523644042375,0.36062721491797395,1.39901343755096,0.0,0.0,False,0,,,2000-03-01,False,Other substances,,,too_few,1.0,False
Helium,0,0,0.0,0.0,0.0,,0.9494146218105494,0.45987085333163713,1.7840184192360695,0.0,0.744523644042375,0.36062721491797395,1.39901343755096,0.0,0.0,False,1,2012-10-01,2012-10-01,,False,Supplement,,,too_few,1.0,False
Haloperidol,0,0,0.0,0.0,0.0,,0.9494146218105494,0.45987085333163713,1.7840184192360695,0.0,0.744523644042375,0.36062721491797395,1.39901343755096,0.0,0.0,False,1,2017-07-01,2017-07-01,1998-10-01,True,Depressants and Tranquilizers,,,too_few,1.0,False
Felodipine,0,0,0.0,0.0,0.0,,0.9494146218105494,0.45987085333163713,1.7840184192360695,0.0,0.744523644042375,0.36062721491797395,1.39901343755096,0.0,0.0,False,2,2017-04-01,2017-04-01,2004-01-01,False,Other,,,too_few,1.0,False
Eutylone,0,0,0.0,0.0,0.0,,0.9494146218105494,0.45987085333163713,1.7840184192360695,0.0,0.744523644042375,0.36062721491797395,1.39901343755096,0.0,0.0,False,1,2020-07-01,2020-07-01,2017-10-01,False,Synthetic Cathinones,,,too_few,1.0,False
Furanyl fentanyl,0,0,0.0,0.0,0.0,,0.9494146218105494,0.45987085333163713,1.7840184192360695,0.0,0.744523644042375,0.36062721491797395,1.39901343755096,0.0,0.0,False,5,2016-01-01,2017-10-01,2016-05-01,False,Fentanyl and Fentanyl-related,,,too_few,1.0,False
Paliperidone,0,0,0.0,0.0,0.0,,0.9494146218105494,0.45987085333163713,1.7840184192360695,0.0,0.744523644042375,0.36062721491797395,1.39901343755096,0.0,0.0,False,2,2021-04-01,2021-04-01,2008-07-01,False,Other,,,too_few,1.0,False
Norfluoxetine,0,0,0.0,0.0,0.0,,0.9494146218105494,0.45987085333163713,1.7840184192360695,0.0,0.744523644042375,0.36062721491797395,1.39901343755096,0.0,0.0,False,1,2019-07-01,2019-07-01,2023-01-01,False,Other substances,,,too_few,1.0,False
Ondansetron,0,0,0.0,0.0,0.0,,0.9494146218105494,0.45987085333163713,1.7840184192360695,0.0,0.744523644042375,0.36062721491797395,1.39901343755096,0.0,0.0,False,1,2022-10-01,2022-10-01,2003-10-01,False,Other substances,,,too_few,1.0,False
Opium,0,0,0.0,0.0,0.0,,0.9494146218105494,0.45987085333163713,1.7840184192360695,0.0,0.744523644042375,0.36062721491797395,1.39901343755096,0.0,0.0,False,1,2015-10-01,2015-10-01,1998-10-01,True,Narcotic Analgesics,,,too_few,1.0,False
Propoxyphene,0,0,0.0,0.0,0.0,,0.9494146218105494,0.45987085333163713,1.7840184192360695,0.0,0.744523644042375,0.36062721491797395,1.39901343755096,0.0,0.0,False,2,2014-01-01,2022-10-01,1998-10-01,True,Narcotic Analgesics,,,too_few,1.0,False
Psilocin,0,0,0.0,0.0,0.0,,0.9494146218105494,0.45987085333163713,1.7840184192360695,0.0,0.744523644042375,0.36062721491797395,1.39901343755096,0.0,0.0,False,2,2021-07-01,2021-07-01,1998-10-01,True,Psychedelics,,,too_few,1.0,False
Prazosin,0,0,0.0,0.0,0.0,,0.9494146218105494,0.45987085333163713,1.7840184192360695,0.0,0.744523644042375,0.36062721491797395,1.39901343755096,0.0,0.0,False,0,,,2003-08-01,False,Other,,,too_few,1.0,False
Tizanidine,0,0,0.0,0.0,0.0,,0.9494146218105494,0.45987085333163713,1.7840184192360695,0.0,0.744523644042375,0.36062721491797395,1.39901343755096,0.0,0.0,False,3,2017-01-01,2020-01-01,2000-07-01,False,Other substances,,,too_few,1.0,False
Propranolol,1,4,1.568384629393553,0.046446818392940084,0.072846476051721,0.5,0.9007164911421336,0.4554352353692302,1.6376591915455232,2.0,0.7063349522149692,0.35714883636896877,1.2842396897170139,0.0,0.0,False,10,2017-10-01,2025-07-01,1998-10-01,True,Other substances,,,too_few,1.0,False
Hydromorphone,4,16,6.273538517574212,0.18578727357176034,0.291385904206884,0.5,0.8167486218082428,0.4539227575523418,1.3788337816083205,8.0,0.6404880020285172,0.3559627587267898,1.0812708340720534,0.0,0.0,False,85,2012-01-01,2025-10-01,1998-10-01,True,Narcotic Analgesics,,,too_few,1.0,False
Xylazine,2,8,3.136769258787106,0.09289363678588017,0.145692952103442,0.5,0.8651677806789855,0.45362042442349654,1.529313220155255,4.0,0.6784579308502268,0.3557256741924776,1.199275631798287,0.0,0.0,False,10,2023-07-01,2025-01-01,2000-07-01,False,Depressants and Tranquilizers,,,too_few,1.0,False
Flualprazolam,0,1,0.39209615734838826,0.0,0.01821161901293025,0.0,0.9206337283257051,0.44593016425600246,1.7299370485477648,0.5,0.7219538935172674,0.3496950352103275,1.356603254181416,0.0,0.0,False,24,2019-10-01,2024-01-01,2018-06-01,False,Benzodiazepines,,,too_few,1.0,False
Valproic Acid,0,1,0.39209615734838826,0.0,0.01821161901293025,0.0,0.9075331175512569,0.439584581496257,1.7053200578379648,0.5,0.7116804973869659,0.34471887862501843,1.3372988044831629,0.0,0.0,False,2,2018-07-01,2024-10-01,1999-11-01,False,Other substances,,,too_few,1.0,False
Vancomycin,0,1,0.39209615734838826,0.0,0.01821161901293025,0.0,0.9075331175512569,0.439584581496257,1.7053200578379648,0.5,0.7116804973869659,0.34471887862501843,1.3372988044831629,0.0,0.0,False,1,2023-04-01,2023-04-01,2014-05-01,False,Other substances,,,too_few,1.0,False
Tapentadol,0,1,0.39209615734838826,0.0,0.01821161901293025,0.0,0.9075331175512569,0.439584581496257,1.7053200578379648,0.5,0.7116804973869659,0.34471887862501843,1.3372988044831629,0.0,0.0,False,6,2014-04-01,2023-10-01,2010-06-01,False,Narcotic Analgesics,,,too_few,1.0,False
Topiramate,0,1,0.39209615734838826,0.0,0.01821161901293025,0.0,0.9075331175512569,0.439584581496257,1.7053200578379648,0.5,0.7116804973869659,0.34471887862501843,1.3372988044831629,0.0,0.0,False,8,2012-10-01,2024-01-01,2001-04-01,False,Other substances,,,too_few,1.0,False
Chlorpheniramine,0,1,0.39209615734838826,0.0,0.01821161901293025,0.0,0.9075331175512569,0.439584581496257,1.7053200578379648,0.5,0.7116804973869659,0.34471887862501843,1.3372988044831629,0.0,0.0,False,2,2022-01-01,2023-01-01,2005-12-01,False,Other substances,,,too_few,1.0,False
Atomoxetine,0,1,0.39209615734838826,0.0,0.01821161901293025,0.0,0.9075331175512569,0.439584581496257,1.7053200578379648,0.5,0.7116804973869659,0.34471887862501843,1.3372988044831629,0.0,0.0,False,1,2023-10-01,2023-10-01,2004-03-01,False,Other substances,,,too_few,1.0,False
Benztropine,0,1,0.39209615734838826,0.0,0.01821161901293025,0.0,0.9075331175512569,0.439584581496257,1.7053200578379648,0.5,0.7116804973869659,0.34471887862501843,1.3372988044831629,0.0,0.0,False,11,2015-10-01,2023-10-01,,False,Supplement,,,too_few,1.0,False
Estazolam,0,1,0.39209615734838826,0.0,0.01821161901293025,0.0,0.9075331175512569,0.439584581496257,1.7053200578379648,0.5,0.7116804973869659,0.34471887862501843,1.3372988044831629,0.0,0.0,False,3,2014-07-01,2024-01-01,1998-10-01,True,Benzodiazepines,,,too_few,1.0,False
Phentermine,0,1,0.39209615734838826,0.0,0.01821161901293025,0.0,0.9075331175512569,0.439584581496257,1.7053200578379648,0.5,0.7116804973869659,0.34471887862501843,1.3372988044831629,0.0,0.0,False,1,2024-04-01,2024-04-01,1998-10-01,True,Phenethylamines (Amphetamines) (S),,,too_few,1.0,False
Pentobarbital,0,1,0.39209615734838826,0.0,0.01821161901293025,0.0,0.9075331175512569,0.439584581496257,1.7053200578379648,0.5,0.7116804973869659,0.34471887862501843,1.3372988044831629,0.0,0.0,False,60,2012-04-01,2023-04-01,1998-10-01,True,Depressants and Tranquilizers,,,too_few,1.0,False
Secobarbital,0,1,0.39209615734838826,0.0,0.01821161901293025,0.0,0.9075331175512569,0.439584581496257,1.7053200578379648,0.5,0.7116804973869659,0.34471887862501843,1.3372988044831629,0.0,0.0,False,1,2024-04-01,2024-04-01,1998-10-01,True,Depressants and Tranquilizers,,,too_few,1.0,False
Phenobarbital,0,1,0.39209615734838826,0.0,0.01821161901293025,0.0,0.9075331175512569,0.439584581496257,1.7053200578379648,0.5,0.7116804973869659,0.34471887862501843,1.3372988044831629,0.0,0.0,False,12,2013-04-01,2024-01-01,1998-10-01,True,Depressants and Tranquilizers,,,too_few,1.0,False
Flubromazepam,0,1,0.39209615734838826,0.0,0.01821161901293025,0.0,0.9075331175512569,0.439584581496257,1.7053200578379648,0.5,0.7116804973869659,0.34471887862501843,1.3372988044831629,0.0,0.0,False,1,2023-10-01,2023-10-01,2015-06-01,False,Benzodiazepines,,,too_few,1.0,False
Metonitazene,0,1,0.39209615734838826,0.0,0.01821161901293025,0.0,0.9075331175512569,0.439584581496257,1.7053200578379648,0.5,0.7116804973869659,0.34471887862501843,1.3372988044831629,0.0,0.0,False,1,2023-07-01,2023-07-01,2020-10-01,False,Narcotic Analgesics,,,too_few,1.0,False
Fluvoxamine,0,1,0.39209615734838826,0.0,0.01821161901293025,0.0,0.9075331175512569,0.439584581496257,1.7053200578379648,0.5,0.7116804973869659,0.34471887862501843,1.3372988044831629,0.0,0.0,False,5,2014-10-01,2023-04-01,2003-07-01,False,Antidepressants,,,too_few,1.0,False
Clonidine,0,1,0.39209615734838826,0.0,0.01821161901293025,0.0,0.9075331175512569,0.439584581496257,1.7053200578379648,0.5,0.7116804973869659,0.34471887862501843,1.3372988044831629,0.0,0.0,False,5,2015-04-01,2024-10-01,1998-10-01,True,Other substances,,,too_few,1.0,False
Clobazam,0,1,0.39209615734838826,0.0,0.01821161901293025,0.0,0.9075331175512569,0.439584581496257,1.7053200578379648,0.5,0.7116804973869659,0.34471887862501843,1.3372988044831629,0.0,0.0,False,1,2023-01-01,2023-01-01,1998-10-01,True,Benzodiazepines,,,too_few,1.0,False
Chloroethane,0,1,0.39209615734838826,0.0,0.01821161901293025,0.0,0.9075331175512569,0.439584581496257,1.7053200578379648,0.5,0.7116804973869659,0.34471887862501843,1.3372988044831629,0.0,0.0,False,2,2018-10-01,2024-10-01,,False,Supplement,,,too_few,1.0,False
Buspirone,0,1,0.39209615734838826,0.0,0.01821161901293025,0.0,0.9075331175512569,0.439584581496257,1.7053200578379648,0.5,0.7116804973869659,0.34471887862501843,1.3372988044831629,0.0,0.0,False,3,2018-10-01,2024-04-01,1999-11-01,False,Other substances,,,too_few,1.0,False
Benazepril,0,1,0.39209615734838826,0.0,0.01821161901293025,0.0,0.9075331175512569,0.439584581496257,1.7053200578379648,0.5,0.7116804973869659,0.34471887862501843,1.3372988044831629,0.0,0.0,False,1,2023-04-01,2023-04-01,2003-07-01,False,Other substances,,,too_few,1.0,False
Flubromazolam,0,1,0.39209615734838826,0.0,0.01821161901293025,0.0,0.9075331175512569,0.439584581496257,1.7053200578379648,0.5,0.7116804973869659,0.34471887862501843,1.3372988044831629,0.0,0.0,False,9,2019-07-01,2023-10-01,2016-02-01,False,Benzodiazepines,,,too_few,1.0,False
Labetalol,0,1,0.39209615734838826,0.0,0.01821161901293025,0.0,0.9075331175512569,0.439584581496257,1.7053200578379648,0.5,0.7116804973869659,0.34471887862501843,1.3372988044831629,0.0,0.0,False,3,2018-10-01,2024-10-01,2001-03-01,False,Other substances,,,too_few,1.0,False
Doxylamine,1,5,1.9604807867419414,0.046446818392940084,0.09105809506465125,0.4,0.8669426626608805,0.43835795114611686,1.5762524989958269,2.5,0.6798497801006298,0.34375696276565115,1.2360850442311007,0.0,0.0,False,37,2015-07-01,2025-10-01,1998-10-01,True,Other substances,,,too_few,1.0,False
Pregabalin,1,5,1.9604807867419414,0.046446818392940084,0.09105809506465125,0.4,0.8669426626608805,0.43835795114611686,1.5762524989958269,2.5,0.6798497801006298,0.34375696276565115,1.2360850442311007,0.0,0.0,False,7,2019-10-01,2025-04-01,2006-03-01,False,Depressants and Tranquilizers,,,too_few,1.0,False
Duloxetine,1,6,2.3525769440903295,0.046446818392940084,0.1092697140775815,0.3333333333333333,0.8356101039634402,0.4225150623065951,1.5192844593850083,3.0,0.6552790323276471,0.33133309226580165,1.1914111548856294,0.0,0.0,False,27,2014-10-01,2025-07-01,2008-02-01,False,Other substances,,,too_few,1.0,False
Doxepin,1,6,2.3525769440903295,0.046446818392940084,0.1092697140775815,0.3333333333333333,0.8356101039634402,0.4225150623065951,1.5192844593850083,3.0,0.6552790323276471,0.33133309226580165,1.1914111548856294,0.0,0.0,False,24,2013-07-01,2025-04-01,1998-10-01,True,Depressants and Tranquilizers,,,too_few,1.0,False
Dipyrone,0,2,0.7841923146967765,0.0,0.0364232380258605,0.0,0.8691905364308561,0.42101246864512937,1.6332715877718509,1.0,0.6816125459036079,0.3301547721812545,1.2807989626024474,0.0,0.0,False,3,2022-10-01,2024-10-01,1998-10-01,True,Analgesics,,,too_few,1.0,False
Arsenic,0,2,0.7841923146967765,0.0,0.0364232380258605,0.0,0.8691905364308561,0.42101246864512937,1.6332715877718509,1.0,0.6816125459036079,0.3301547721812545,1.2807989626024474,0.0,0.0,False,4,2012-04-01,2024-01-01,,False,Supplement,,,too_few,1.0,False
Zinc,0,2,0.7841923146967765,0.0,0.0364232380258605,0.0,0.8691905364308561,0.42101246864512937,1.6332715877718509,1.0,0.6816125459036079,0.3301547721812545,1.2807989626024474,0.0,0.0,False,2,2023-10-01,2023-10-01,,False,Supplement,,,too_few,1.0,False
Protonitazene,0,2,0.7841923146967765,0.0,0.0364232380258605,0.0,0.8691905364308561,0.42101246864512937,1.6332715877718509,1.0,0.6816125459036079,0.3301547721812545,1.2807989626024474,0.0,0.0,False,2,2024-04-01,2024-04-01,2021-06-01,False,Narcotic Analgesics,,,too_few,1.0,False
Levamisole,0,3,1.1762884720451647,0.0,0.05463485703879075,0.0,0.8691905364308561,0.42101246864512937,1.6332715877718509,1.5,0.6816125459036079,0.3301547721812545,1.2807989626024474,0.0,0.0,False,8,2021-10-01,2024-01-01,2006-07-01,False,Other substances,,,too_few,1.0,False
Flecainide,0,2,0.7841923146967765,0.0,0.0364232380258605,0.0,0.8691905364308561,0.42101246864512937,1.6332715877718509,1.0,0.6816125459036079,0.3301547721812545,1.2807989626024474,0.0,0.0,False,2,2023-01-01,2023-01-01,2003-07-01,False,Other,,,too_few,1.0,False
Hydroxychloroquine,0,2,0.7841923146967765,0.0,0.0364232380258605,0.0,0.8691905364308561,0.42101246864512937,1.6332715877718509,1.0,0.6816125459036079,0.3301547721812545,1.2807989626024474,0.0,0.0,False,13,2017-01-01,2024-10-01,2008-08-01,False,Other,,,too_few,1.0,False
Carbon monoxide,0,2,0.7841923146967765,0.0,0.0364232380258605,0.0,0.8691905364308561,0.42101246864512937,1.6332715877718509,1.0,0.6816125459036079,0.3301547721812545,1.2807989626024474,0.0,0.0,False,5,2012-01-01,2024-10-01,,False,Supplement,,,too_few,1.0,False
Ethylene Glycol,0,2,0.7841923146967765,0.0,0.0364232380258605,0.0,0.8691905364308561,0.42101246864512937,1.6332715877718509,1.0,0.6816125459036079,0.3301547721812545,1.2807989626024474,0.0,0.0,False,3,2020-01-01,2024-10-01,2000-02-01,False,Other substances,,,too_few,1.0,False
Cyclobenzaprine,2,11,4.313057730832271,0.09289363678588017,0.20032780914223275,0.36363636363636365,0.7857194343211964,0.4119644665857215,1.3888764064899497,5.5,0.616155156664122,0.32305939476135653,1.0891461816477206,0.0,0.0,False,43,2014-07-01,2025-07-01,1999-11-01,False,Depressants and Tranquilizers,,,too_few,1.0,False
Oxymorphone,0,3,1.1762884720451647,0.0,0.05463485703879075,0.0,0.8339565107560369,0.4039460562672703,1.567064317161417,1.5,0.6539822987599956,0.3167714241108083,1.228879742378775,0.0,0.0,False,28,2012-04-01,2024-07-01,1998-10-01,True,Narcotic Analgesics,,,too_few,1.0,False
Methocarbamol,0,3,1.1762884720451647,0.0,0.05463485703879075,0.0,0.8339565107560369,0.4039460562672703,1.567064317161417,1.5,0.6539822987599956,0.3167714241108083,1.228879742378775,0.0,0.0,False,4,2018-01-01,2024-07-01,1998-10-01,True,Other substances,,,too_few,1.0,False
Oxazepam,0,3,1.1762884720451647,0.0,0.05463485703879075,0.0,0.8339565107560369,0.4039460562672703,1.567064317161417,1.5,0.6539822987599956,0.3167714241108083,1.228879742378775,0.0,0.0,False,7,2013-07-01,2023-07-01,1998-10-01,True,Benzodiazepines,,,too_few,1.0,False
Metoclopramide,0,3,1.1762884720451647,0.0,0.05463485703879075,0.0,0.8339565107560369,0.4039460562672703,1.567064317161417,1.5,0.6539822987599956,0.3167714241108083,1.228879742378775,0.0,0.0,False,4,2018-04-01,2023-07-01,1999-12-01,False,Other substances,,,too_few,1.0,False
Etizolam,0,3,1.1762884720451647,0.0,0.05463485703879075,0.0,0.8339565107560369,0.4039460562672703,1.567064317161417,1.5,0.6539822987599956,0.3167714241108083,1.228879742378775,0.0,0.0,False,55,2013-01-01,2023-10-01,2012-06-01,False,Benzodiazepines,,,too_few,1.0,False
Diphenhydramine,6,31,12.154980877800035,0.2786809103576405,0.5645601894008377,0.3870967741935484,0.6809413399624427,0.39590624186206125,1.1086447804090827,15.5,0.5339889821199679,0.31046665243044547,0.8693907194676251,0.0,0.0,False,137,2012-01-01,2025-10-01,1998-10-01,True,Other substances,,,too_few,1.0,False
Baclofen,0,4,1.568384629393553,0.0,0.072846476051721,0.0,0.801467736851832,0.3882093698546119,1.5060155722485085,2.0,0.628504856169919,0.30443083662508835,1.1810057966375411,0.0,0.0,False,11,2015-07-01,2024-07-01,1999-11-01,False,Other substances,,,too_few,1.0,False
Midazolam,0,4,1.568384629393553,0.0,0.072846476051721,0.0,0.801467736851832,0.3882093698546119,1.5060155722485085,2.0,0.628504856169919,0.30443083662508835,1.1810057966375411,0.0,0.0,False,8,2013-04-01,2024-07-01,1998-10-01,True,Benzodiazepines,,,too_few,1.0,False
Sertraline,2,13,5.097250045529047,0.09289363678588017,0.23675104716809325,0.3076923076923077,0.7403926052692176,0.38819893128551247,1.3087544689363957,6.5,0.5806102096713914,0.30442264565993543,1.0263151838458038,0.0,0.0,False,59,2013-07-01,2025-10-01,1999-11-01,False,Antidepressants,,,too_few,1.0,False
Benzylfentanyl,0,5,1.9604807867419414,0.0,0.09105809506465125,0.0,0.7714154016898899,0.3736528286996259,1.449545071122543,2.5,0.6049380494613473,0.29301570973713853,1.136722073038856,0.0,0.0,False,6,2022-04-01,2024-07-01,1998-10-01,True,Fentanyl and Fentanyl-related,,,too_few,1.0,False
Paroxetine,0,6,2.3525769440903295,0.0,0.1092697140775815,0.0,0.7435353360355219,0.3601484763451551,1.397156420774973,3.0,0.5830747192571442,0.2824257010202025,1.0956393042241255,0.0,0.0,False,22,2013-10-01,2024-10-01,1999-11-01,False,Antidepressants,,,too_few,1.0,False
Hydroxyzine,2,16,6.273538517574212,0.09289363678588017,0.291385904206884,0.25,0.6814270401845419,0.35728240242553805,1.2045240292092614,8.0,0.5343698710141338,0.2801781422120531,0.9445784853179309,0.0,0.0,False,54,2012-07-01,2025-07-01,1998-10-01,True,Depressants and Tranquilizers,,,too_few,1.0,False
Ephedrine,0,7,2.744673101438718,0.0,0.12748133309051174,0.0,0.7176002283914239,0.3475862092286085,1.3484224865390477,3.5,0.5627366097149413,0.27257446814184966,1.0574225346539359,0.0,0.0,False,15,2016-01-01,2024-10-01,1998-10-01,True,Phenethylamines (Other) (S),,,too_few,1.0,False
Metoprolol,0,7,2.744673101438718,0.0,0.12748133309051174,0.0,0.7176002283914239,0.3475862092286085,1.3484224865390477,3.5,0.5627366097149413,0.27257446814184966,1.0574225346539359,0.0,0.0,False,18,2014-07-01,2024-10-01,1998-10-01,True,Other substances,,,too_few,1.0,False
Temazepam,0,12,4.705153888180659,0.0,0.218539428155163,0.0,0.611033534609594,0.29596817504168565,1.148175997580074,6.0,0.4791678353927287,0.23209600304663913,0.9003908014484492,0.0,0.0,False,46,2013-07-01,2024-07-01,1998-10-01,True,Benzodiazepines,,,too_few,1.0,False
para-Fluorofentanyl,12,171,56.1820657306893,0.557361820715281,3.114186851211073,0.14035087719298245,0.3101598117268694,0.19758606549818972,0.4683774870408369,71.64322408899558,0.24322495431641575,0.1549454858076893,0.36729804021391366,0.9312393213108716,0.6482702180586863,False,376,2021-01-01,2025-10-01,1998-10-01,True,Fentanyl and Fentanyl-related,10.583973233542014,3.253301897079645,clustered,1.0,False
