as_of,substance,rank,n_recent,n_baseline,ebgm,eb05
2017-04-01,Carfentanil,36.0,1,0,1.1304073211344297,0.4697461546357987
2017-07-01,Carfentanil,59.0,1,0,1.0852674725314657,0.5066284097211501
2017-10-01,Mitragynine,39.0,1,0,1.247360539245475,0.5588494281582259
2017-10-01,Carfentanil,44.0,1,0,1.247360539245475,0.5588494281582259
2018-01-01,Mitragynine,28.0,2,0,1.4081505609985832,0.7165882086829802
2018-01-01,Carfentanil,47.0,1,0,1.1966501300399668,0.5734612523936662
2018-04-01,Mitragynine,25.0,2,0,1.3045796951201911,0.6860168375257405
2018-04-01,Carfentanil,,0,1,0.8564797269389454,0.40075089616056125
2018-07-01,Mitragynine,14.0,3,0,1.5040871806379978,0.7927969958314183
2018-07-01,Carfentanil,,0,1,0.7921174966576502,0.3413874277054538
2018-10-01,Mitragynine,19.0,3,1,1.0857889126599316,0.6277395402390293
2018-10-01,Carfentanil,,0,1,0.7580397151113887,0.3914296080049166
2019-01-01,Mitragynine,34.0,2,2,0.8989429580067506,0.5016427482077167
2019-01-01,Carfentanil,,0,1,0.7459835315585778,0.38278468841088287
2019-04-01,Mitragynine,32.0,2,2,0.8297226249165222,0.3853536841202017
2019-04-01,Carfentanil,,0,1,0.5741287784340435,0.2139110077242794
2019-07-01,Mitragynine,73.0,1,3,0.7125761246976605,0.3837883955244484
2019-07-01,Carfentanil,,0,1,0.7078281620149216,0.36426771668203795
2019-10-01,Mitragynine,67.0,2,4,0.7689246480358831,0.404191509000402
2019-10-01,Carfentanil,,0,1,0.7092729151502181,0.33167202803006307
2020-01-01,Mitragynine,35.0,3,4,0.8701296068327783,0.39377549394079203
2020-01-01,Carfentanil,,0,1,0.5532774886474768,0.1511730218813208
2020-04-01,Mitragynine,24.0,5,4,1.2431686414444625,0.61961314663557
2020-04-01,Carfentanil,,0,0,0.6929958382986028,0.14239662238437442
2020-07-01,Mitragynine,16.0,6,4,1.3369701594468182,0.6996882359032283
2020-07-01,Carfentanil,,0,0,0.6844623732873588,0.13511666480117865
2020-10-01,Mitragynine,36.0,4,5,0.7614799058820986,0.35872592979509416
2020-10-01,Carfentanil,,0,0,0.6080142705369517,0.1346514952142161
2021-01-01,para-Fluorofentanyl,5.0,7,0,2.531054664825775,1.4339414495714897
2021-01-01,Mitragynine,37.0,4,5,0.7512172491713901,0.37418922578255354
2021-01-01,Carfentanil,,0,0,0.6221305086170733,0.19035047527266993
2021-04-01,para-Fluorofentanyl,1.0,24,0,4.051951442945664,2.958592357937415
2021-04-01,Bromazolam,46.0,1,0,0.8450399672179768,0.4157661343543061
2021-04-01,Mitragynine,83.0,3,7,0.5965727997107215,0.32379688994191
2021-04-01,Carfentanil,,0,0,0.7057633712048205,0.32371312777738104
2021-07-01,para-Fluorofentanyl,1.0,41,0,5.594566245470873,4.370536892077087
2021-07-01,Bromazolam,48.0,1,0,0.7902515515565564,0.40060048819218236
2021-07-01,Mitragynine,33.0,5,7,0.7610167396531522,0.44779538447340156
2021-07-01,Carfentanil,,0,0,0.6702623680249382,0.3196177303073262
2021-10-01,para-Fluorofentanyl,1.0,52,0,6.780812464981499,5.438208670818363
2021-10-01,Bromazolam,46.0,1,0,0.8232103919531124,0.4274304397723808
2021-10-01,Mitragynine,31.0,5,6,0.8431406266513588,0.5020129026880552
2021-10-01,Carfentanil,,0,0,0.7064960284234492,0.3473484297081327
2022-01-01,para-Fluorofentanyl,1.0,60,7,8.668801574204252,6.995431255843253
2022-01-01,Bromazolam,46.0,1,0,1.1469334267893467,0.36031769758819754
2022-01-01,Mitragynine,61.0,4,7,0.7583765148793442,0.3561961956081121
2022-01-01,Carfentanil,,0,0,0.6700223255034303,0.14512817434374825
2022-04-01,para-Fluorofentanyl,1.0,96,24,5.195504331442258,4.387494786629684
2022-04-01,Bromazolam,,0,1,0.5484384781433079,0.15274579106451522
2022-04-01,Mitragynine,16.0,7,8,1.0872971459853638,0.6096972968106114
2022-04-01,Carfentanil,,0,0,0.6730435597930859,0.18744959564016814
2022-07-01,para-Fluorofentanyl,1.0,109,41,3.7210150932881625,3.1755148364532695
2022-07-01,Bromazolam,61.0,1,1,0.8401677219699385,0.3093704292995236
2022-07-01,Mitragynine,21.0,9,11,1.0838405471754995,0.6468663380090565
2022-07-01,Carfentanil,,0,0,0.6963449875045696,0.20599260878311546
2022-10-01,para-Fluorofentanyl,1.0,127,52,3.8220847611266677,3.2989050427280637
2022-10-01,Bromazolam,63.0,1,1,0.8841930671674613,0.2946076582942732
2022-10-01,Mitragynine,4.0,17,9,2.3914544181920885,1.610124895400349
2022-10-01,Carfentanil,,0,0,0.6904068680387273,0.16920821840601655
2023-01-01,para-Fluorofentanyl,1.0,148,67,3.6211866551158365,3.1588776864517167
2023-01-01,Bromazolam,63.0,1,1,0.8767176923371689,0.2551388071054867
2023-01-01,Mitragynine,3.0,21,8,3.392128475520614,2.3614873241411174
2023-01-01,Carfentanil,,0,0,0.6174704659574389,0.1118997028413133
2023-04-01,para-Fluorofentanyl,4.0,99,120,1.4570727261166938,1.2338609200020483
2023-04-01,Bromazolam,63.0,1,1,0.7927908456813327,0.29314482201738784
2023-04-01,Mitragynine,3.0,17,10,2.140203245554442,1.4495378843695659
2023-04-01,Carfentanil,,0,0,0.631281326323943,0.18811995102060367
2023-07-01,para-Fluorofentanyl,8.0,84,150,1.0614597658794056,0.8867633028473565
2023-07-01,Bromazolam,15.0,4,2,1.3196328330173013,0.6743654654228597
2023-07-01,Mitragynine,2.0,16,14,1.6555604335778025,1.1160344496773733
2023-07-01,Carfentanil,,0,0,0.673836790264108,0.22991929282060874
2023-07-01,Xylazine,50.0,1,0,0.9188758148992723,0.3684100609095272
2023-10-01,para-Fluorofentanyl,15.0,73,179,0.8001871543372583,0.6622241089088998
2023-10-01,Bromazolam,6.0,7,2,1.5292056753879981,0.9394102865417103
2023-10-01,Mitragynine,20.0,12,22,0.9535131926014867,0.6334013593173883
2023-10-01,Carfentanil,,0,0,0.7652867969920052,0.36165216346338686
2023-10-01,Xylazine,17.0,3,0,1.1859983499538798,0.6534179203477065
2024-01-01,para-Fluorofentanyl,65.0,59,208,0.6069468556886758,0.4924475066765407
2024-01-01,Bromazolam,1.0,13,2,2.581272113356214,1.7361497516371498
2024-01-01,Mitragynine,10.0,17,25,1.2344993691705142,0.8625367639144285
2024-01-01,Carfentanil,19.0,3,0,1.371945725005074,0.7579114670009753
2024-01-01,Xylazine,18.0,3,0,1.371945725005074,0.7579114670009753
2024-04-01,para-Fluorofentanyl,39.0,75,195,0.8073800454794019,0.6676204288251979
2024-04-01,Bromazolam,1.0,20,1,6.8284145433475025,4.7807619107692165
2024-04-01,Mitragynine,3.0,23,24,1.7947746377426808,1.284537870544247
2024-04-01,Carfentanil,4.0,4,0,2.3731205677509792,1.2156498605051893
2024-04-01,Xylazine,5.0,4,0,2.3731205677509792,1.2156498605051893
2024-07-01,para-Fluorofentanyl,24.0,102,193,1.1733832529023218,0.9958105596930357
2024-07-01,Bromazolam,2.0,20,5,5.480446597016742,3.8074290407865923
2024-07-01,Mitragynine,13.0,22,25,1.8374285533296566,1.2972082391649329
2024-07-01,Carfentanil,1.0,12,0,7.965653077112022,5.023073303558021
2024-07-01,Xylazine,4.0,6,1,3.58695588513776,1.930342069185801
2024-10-01,para-Fluorofentanyl,28.0,96,200,1.0705409422606407,0.9042520632100065
2024-10-01,Bromazolam,2.0,19,8,3.7779573482259585,2.609936990277136
2024-10-01,Mitragynine,13.0,24,29,1.7432006395169997,1.2511782979003145
2024-10-01,Carfentanil,1.0,12,0,7.0174585354594,4.452239577817467
2024-10-01,Xylazine,26.0,4,3,1.8423708451329746,0.9146303453367871
2025-01-01,para-Fluorofentanyl,44.0,79,207,0.8951327227226537,0.7425903740731594
2025-01-01,Bromazolam,4.0,17,14,2.496565169377437,1.6778717318758964
2025-01-01,Mitragynine,37.0,20,38,1.2154987515627402,0.8415569412689894
2025-01-01,Carfentanil,2.0,14,3,5.745345704082529,3.7165730313494048
2025-01-01,Xylazine,7.0,6,3,2.7717219293943094,1.466729277939456
2025-04-01,para-Fluorofentanyl,45.0,62,174,0.8618364676887835,0.6991292725102322
2025-04-01,Bromazolam,46.0,10,21,1.1298191382016765,0.6936002840649936
2025-04-01,Mitragynine,35.0,19,40,1.1326855275659165,0.7839663303320102
2025-04-01,Carfentanil,2.0,16,4,4.71508763137256,3.167584207216517
2025-04-01,Xylazine,16.0,5,4,1.899308123770505,1.0034215524970191
2025-07-01,para-Fluorofentanyl,85.0,21,186,0.30407593334007,0.21637923032366788
2025-07-01,Bromazolam,66.0,7,24,0.7700382080780167,0.4572329383450405
2025-07-01,Mitragynine,8.0,23,38,1.3427497502846626,0.9682366913949957
2025-07-01,Carfentanil,13.0,9,12,1.4093111200387265,0.8740755130324355
2025-07-01,Xylazine,75.0,2,7,0.8379546964629759,0.40913347104577624
2025-10-01,para-Fluorofentanyl,80.0,12,169,0.2542294029460065,0.17145689395030256
2025-10-01,Bromazolam,66.0,7,26,0.7760060171142573,0.4887028347041047
2025-10-01,Mitragynine,15.0,18,36,1.1432095065857113,0.8125657514802446
2025-10-01,Carfentanil,8.0,10,12,1.3685216993600149,0.9014064526378452
2025-10-01,Xylazine,69.0,2,7,0.8521702962271869,0.4749196807665575
