substance,model,n_cases,centre_zip,n_zips,radius_km,window_q,window_from,observed,expected,rate_ratio,deaths_in_cylinder,llr,p_value,p_across_substances,recurrence_interval,zips
Cocaine,bernoulli,1454,90011,12,5.147547312201816,5,2024-10-01,137,66.05599577390386,2.0739979527206422,344,41.20943400942178,0.001,0.046,1000.0,90011|90058|90037|90007|90021|90015|90014|90001|90013|90255|90062|90003
PCP,bernoulli,367,90002,37,10.391195616605785,4,2025-01-01,68,24.23402007395668,2.805972752043597,500,31.534090312006583,0.001,0.046,1000.0,90002|90001|90059|90003|90061|90255|90044|90280|90222|90262|90047|90058|90011|90270|90201|90037|90305|90220|90221|90247|90062|90303|90248|90043|90249|90007|90021|90023|90723|90746|90301|90015|90304|90040|90302|90014|90013
Dissociatives,bernoulli,429,90274,69,26.438422266694893,5,2024-10-01,90,39.99920760697306,2.250044572990749,706,28.46370470979855,0.001,0.046,1000.0,90274|90275|90505|90277|90717|90503|90732|90501|90710|90254|90731|90502|90278|90744|90504|90745|90260|90266|90248|90249|90247|90250|90746|90810|90245|90813|90220|90806|90303|90304|90802|90061|90807|90045|90301|90755|90293|90222|90305|90221|90059|90805|90814|90804|90047|90044|90302|90094|90003|90002|90803|90262|90043|90056|90292|90723|90712|90230|90815|90001|90066|90280|90291|90062|90008|90706|90713|90808|90037
Depressants and Tranquilizers,bernoulli,481,90277,66,22.19699689215869,5,2024-10-01,94,44.33940834653989,2.1200102460847448,698,26.03763717596007,0.001,0.046,1000.0,90277|90503|90254|90505|90278|90274|90266|90501|90504|90260|90717|90275|90502|90710|90250|90249|90245|90247|90745|90248|90732|90304|90303|90744|90746|90045|90731|90301|90293|90061|90305|90220|90302|90810|90047|90094|90044|90059|90222|90056|90292|90043|90003|90221|90230|90002|90806|90807|90066|90813|90805|90291|90262|90802|90001|90008|90755|90062|90232|90723|90037|90405|90280|90016|90804|90034
Cutting agents and adulterants,bernoulli,59,90043,42,9.95635208399437,6,2024-07-01,22,6.428288431061807,3.422372881355932,825,14.237876548513157,0.001,0.046,1000.0,90043|90302|90056|90305|90062|90008|90047|90301|90037|90044|90303|90304|90018|90016|90003|90007|90045|90230|90019|90011|90232|90001|90034|90250|90006|90061|90094|90002|90015|90005|90035|90066|90010|90249|90036|90058|90245|90020|90057|90021|90017|90255
Depressants,bernoulli,926,90277,66,22.19699689215869,5,2024-10-01,131,85.36027469624933,1.534671724829349,698,13.647772353118398,0.002,0.092,500.0,90277|90503|90254|90505|90278|90274|90266|90501|90504|90260|90717|90275|90502|90710|90250|90249|90245|90247|90745|90248|90732|90304|90303|90744|90746|90045|90731|90301|90293|90061|90305|90220|90302|90810|90047|90094|90044|90059|90222|90056|90292|90043|90003|90221|90230|90002|90806|90807|90066|90813|90805|90291|90262|90802|90001|90008|90755|90062|90232|90723|90037|90405|90280|90016|90804|90034
Lidocaine,bernoulli,39,90043,42,9.95635208399437,6,2024-07-01,17,4.249207606973059,4.000745920745921,825,13.624321016340446,0.002,0.092,500.0,90043|90302|90056|90305|90062|90008|90047|90301|90037|90044|90303|90304|90018|90016|90003|90007|90045|90230|90019|90011|90232|90001|90034|90250|90006|90061|90094|90002|90015|90005|90035|90066|90010|90249|90036|90058|90245|90020|90057|90021|90017|90255
Supplement,bernoulli,1079,90265,20,28.110831048965515,5,2024-10-01,36,15.10486001056524,2.383338870722368,106,13.221906613440751,0.002,0.092,500.0,90265|91301|91361|91362|91302|90290|90272|91364|91307|91367|90402|91303|90403|90401|91304|91356|91306|90405|90404|90049
Antidepressants,bernoulli,105,90035,8,3.8276617917244,5,2024-10-01,8,0.6933438985736925,11.538285714285715,50,13.094714342098086,0.003,0.138,333.3333333333333,90035|90211|90212|90048|90034|90036|90067|90016
Alprazolam,bernoulli,320,91381,77,38.95828149933224,4,2025-01-01,46,20.961436872688854,2.1945060483870966,496,12.912226073104648,0.002,0.092,500.0,91381|91355|91321|91354|91350|91351|91384|91326|91344|91311|91387|91342|91345|91340|91324|91325|91304|91390|91343|91306|91331|91303|91335|91402|91307|91406|91367|91405|91356|91316|91364|91411|91352|91605|91401|91436|91040|91403|91606|91423|90290|91607|91302|91042|91601|91504|91301|91604|91602|90077|91362|91505|91506|91502|91501|91214|93532|91361|91201|93510|90210|91020|90068|90095|90069|90049|90272|90024|90073|91202|90046|90067|91207|90028|91011|91203|90048
Prescription benzodiazepines,bernoulli,441,90272,72,21.79967580727661,4,2025-01-01,58,29.87757527733756,1.9412552545384625,513,12.229810033032209,0.003,0.138,333.3333333333333,90272|90402|90403|90401|90404|90049|90405|90073|90025|90290|90291|90095|90024|90064|90077|90292|90066|90067|91302|91364|91356|90212|90210|91436|91316|90232|90094|90034|90230|90293|91403|91367|90035|90211|91423|90048|90069|91335|91411|91303|90045|91306|91406|91401|91307|90036|90016|91604|90056|90046|90245|91607|91405|90008|90302|91325|91304|91602|90019|90265|91324|90301|91601|90028|90068|90038|90043|90304|91606|90018|91402|91343
Medicines and other,bernoulli,1289,90067,37,9.96982458712334,5,2024-10-01,80,47.49484944532488,1.6843931696655738,279,12.120699294623591,0.005,0.23,200.0,90067|90212|90024|90095|90210|90211|90035|90064|90048|90025|90034|90073|90069|90232|90049|90036|90077|90046|90016|90066|90404|90230|90019|90403|90038|90028|90405|90008|90401|90291|91604|90068|90056|90292|90018|90094|90402
Benzodiazepines,bernoulli,474,90272,73,22.32600855592343,4,2025-01-01,61,32.175911251980985,1.8958282027286608,514,12.098872163315036,0.004,0.184,250.0,90272|90402|90403|90401|90404|90049|90405|90073|90025|90290|90291|90095|90024|90064|90077|90292|90066|90067|91302|91364|91356|90212|90210|91436|91316|90232|90094|90034|90230|90293|91403|91367|90035|90211|91423|90048|90069|91335|91411|91303|90045|91306|91406|91401|91307|90036|90016|91604|90056|90046|90245|91607|91405|90008|90302|91325|91304|91602|90019|90265|91324|90301|91601|90028|90068|90038|90043|90304|91606|90018|91402|91343|90266
Other substances,bernoulli,185,90016,8,4.495787148364503,5,2024-10-01,11,1.7346804014791335,6.341225732775028,71,11.945931933844804,0.004,0.184,250.0,90016|90008|90019|90018|90035|90034|90036|90232
Trazodone,bernoulli,33,90048,15,6.031425909968118,5,2024-10-01,7,0.5927099841521395,11.810160427807483,136,11.712076298606007,0.005,0.23,200.0,90048|90211|90069|90036|90035|90212|90046|90210|90067|90038|90028|90034|90019|90016|90068
Carfentanil,bernoulli,22,91601,1,0.0,6,2024-07-01,4,0.0958795562599049,41.719008264462815,33,11.632747586921369,0.007,0.322,142.85714285714286,91601
Ethanol,bernoulli,1052,90265,20,28.110831048965515,5,2024-10-01,34,14.72688853671421,2.3087022024535475,106,11.57865341088518,0.004,0.184,250.0,90265|91301|91361|91362|91302|90290|90272|91364|91307|91367|90402|91303|90403|90401|91304|91356|91306|90405|90404|90049
Ketamine,bernoulli,58,90067,20,7.172390161542256,3,2025-04-01,7,0.5974643423137876,11.716180371352785,78,11.470565574045736,0.008,0.368,125.0,90067|90212|90024|90095|90210|90211|90035|90064|90048|90025|90034|90073|90069|90232|90049|90036|90077|90046|90016|90066
Bromazolam,bernoulli,33,90254,3,2.96862490441425,6,2024-07-01,3,0.0435816164817749,68.83636363636363,10,10.366384830853576,0.019,0.874,52.631578947368425,90254|90278|90266
Designer benzodiazepines,bernoulli,38,90254,3,2.96862490441425,6,2024-07-01,3,0.0501848917062863,59.77894736842106,10,9.928767215698542,0.012,0.552,83.33333333333333,90254|90278|90266
Oxycodone,bernoulli,102,90290,4,6.15803985921285,6,2024-07-01,5,0.3098256735340729,16.138107416879794,23,9.849172414335158,0.019,0.874,52.631578947368425,90290|91364|91302|91367
Diphenhydramine,bernoulli,36,90095,15,6.459779865436918,3,2025-04-01,4,0.2139461172741679,18.696296296296296,45,8.300682962581277,0.064,1.0,15.625,90095|90024|90073|90049|90025|90067|90064|90212|90210|90077|90404|90211|90034|90035|90403
MDMA,bernoulli,51,91335,5,3.9157903152806974,4,2025-01-01,5,0.4108557844690966,12.169720347155256,61,8.300125030732431,0.063,1.0,15.873015873015872,91335|91356|91325|91306|91316
Antihistamines,bernoulli,62,90025,13,5.305091482380687,5,2024-10-01,6,0.6959852086634971,8.620872865275143,85,8.029833296841957,0.096,1.0,10.416666666666666,90025|90073|90064|90024|90049|90095|90404|90067|90403|90212|90405|90401|90034
Hallucinogens,bernoulli,54,91335,5,3.9157903152806974,4,2025-01-01,5,0.4350237717908082,11.493624772313296,61,8.022209674319186,0.068,1.0,14.705882352941176,91335|91356|91325|91306|91316
Diazepam,bernoulli,54,90265,6,19.557701682885064,2,2025-07-01,2,0.0213946117274167,93.48148148148148,3,8.021046596469773,0.113,1.0,8.849557522123893,90265|91301|91361|91362|91302|90290
Morphine,bernoulli,88,91311,36,20.314173789616977,6,2024-07-01,17,5.868991019545694,2.896579657965797,505,7.873793579969174,0.112,1.0,8.928571428571429,91311|91304|91324|91306|91326|91303|91325|91307|91335|91367|91344|91364|91356|91406|91343|91316|91345|91402|91436|90290|91405|91381|91411|91340|91302|91321|91342|91331|91401|91403|91355|91423|91605|91301|91352|91607
Prescription opioids,bernoulli,393,91301,53,34.47783813497951,6,2024-07-01,49,28.078843106180667,1.7450861424277913,541,7.439134244403249,0.212,1.0,4.716981132075472,91301|91362|91361|91302|90265|91307|91367|91364|90290|91304|91303|91306|91311|91356|91335|90272|91324|91316|91325|91326|91436|91406|90402|90403|91344|91403|91411|91343|90401|90049|90077|90404|91405|90073|90405|91402|91401|90095|91423|90025|90024|91345|91381|90291|90064|90210|90067|91607|91331|90292|91321|91340|90212
Inhalants,bernoulli,22,90601,56,17.053011255435933,4,2025-01-01,6,0.8803486529318542,6.815481548154816,303,7.118769781022422,0.124,1.0,8.064516129032258,90601|90602|90606|90660|91733|91745|91746|90640|91732|90605|91731|90603|91770|90670|90604|91755|90240|91754|91744|90040|91776|90631|91706|90022|90241|91790|91780|90650|91803|90638|91801|91792|91775|91748|90242|90201|91006|91007|90270|91791|90063|90023|90701|91010|91016|90032|91030|90706|90703|91722|91723|91107|90280|90033|91024|91789
Narcotic Analgesics,bernoulli,441,91303,75,26.842379548005177,6,2024-07-01,73,47.81576862123613,1.5266930158177767,821,6.99119459712324,0.302,1.0,3.3112582781456954,91303|91306|91367|91304|91307|91364|91335|91311|91324|91356|91325|91316|90290|91406|91326|91302|91436|91343|91344|91411|91405|91402|91403|91401|91345|91423|90077|91301|91331|90272|91340|91605|91607|91342|91362|90049|91606|90095|90073|91604|91352|91381|91601|91321|90024|90402|90210|90403|91602|90025|91361|90404|90067|90401|90064|90069|90212|91355|90405|91504|91505|90048|90265|90211|90046|91506|90068|90035|90291|91040|90034|91502|90028|90036|90232
Clonazepam,bernoulli,44,91744,3,4.1329956529760326,6,2024-07-01,3,0.1278394083465399,23.466942148760328,22,6.8887271658650775,0.223,1.0,4.484304932735426,91744|91792|91790
Muscle relaxants,bernoulli,24,91711,1,0.0,6,2024-07-01,2,0.028526148969889,70.11111111111111,9,6.84682964307666,0.171,1.0,5.847953216374268,91711
Quetiapine,bernoulli,38,93550,2,5.257665864776757,5,2024-10-01,3,0.1505546751188589,19.926315789473684,30,6.37782722201456,0.263,1.0,3.802281368821293,93550|93552
Hydrocodone,bernoulli,106,90290,2,4.516176717998953,6,2024-07-01,3,0.1679873217115689,17.858490566037737,12,6.223951318140507,0.414,1.0,2.415458937198068,90290|91364
Mitragynine,bernoulli,54,90254,2,2.894510350254715,6,2024-07-01,2,0.0427892234548335,46.74074074074074,6,6.132189713826051,0.35,1.0,2.857142857142857,90254|90278
Amphetamine,bernoulli,79,90017,1,0.0,5,2024-10-01,5,0.6572900158478605,7.60699216395419,63,6.081442209194904,0.369,1.0,2.710027100271003,90017
Codeine,bernoulli,50,90062,13,5.496480777511329,6,2024-07-01,7,1.4329107237189649,4.88516129032258,217,5.942970909541032,0.361,1.0,2.770083102493075,90062|90037|90018|90008|90043|90007|90011|90016|90047|90019|90006|90056|90302
Citalopram,bernoulli,22,90305,1,0.0,1,2025-10-01,1,0.0029054410987849,344.1818181818182,1,5.864183694978891,0.483,1.0,2.070393374741201,90305
Lorazepam,bernoulli,35,93534,1,0.0,4,2025-01-01,3,0.1895139989434759,15.829965156794426,41,5.691468332602938,0.41,1.0,2.4390243902439024,93534
Heroin,bernoulli,359,91040,7,8.94318971584162,6,2024-07-01,10,3.034337031167459,3.2956128133704734,64,5.446269670202355,0.74,1.0,1.351351351351351,91040|91042|91352|91504|91214|91501|91605
Antipsychotics,bernoulli,55,90248,14,7.073248670265371,3,2025-04-01,4,0.457606973058637,8.741125541125541,63,5.350483678864976,0.554,1.0,1.8050541516245489,90248|90247|90746|90249|90220|90504|90061|90502|90222|90059|90745|90260|90501|90221
Methadone,bernoulli,44,90274,1,0.0,1,2025-10-01,1,0.0058108821975699,172.0909090909091,1,5.159407559089516,0.756,1.0,1.3227513227513228,90274
Tramadol,bernoulli,44,90290,1,0.0,1,2025-10-01,1,0.0058108821975699,172.0909090909091,1,5.159407559089516,0.766,1.0,1.3054830287206267,90290
Acetyl fentanyl,bernoulli,106,90293,6,5.334270165937063,4,2025-01-01,3,0.2939778129952456,10.204851752021565,21,4.483066439033337,0.829,1.0,1.2062726176115803,90293|90094|90292|90045|90245|90291
para-Fluorofentanyl,bernoulli,179,90660,1,0.0,6,2024-07-01,3,0.3073164289487586,9.761925225612377,13,4.471944113583959,0.902,1.0,1.1086474501108647,90660
Fentanyl analogs,bernoulli,300,90007,1,0.0,6,2024-07-01,4,0.7131537242472267,5.608888888888888,18,3.9638302392563673,0.978,1.0,1.0224948875255624,90007
Supplement,interaction,1079,91201,5,3.07720369410608,2,2025-07-01,7,1.3679332715477297,5.11720867208672,13,5.810940277568938,0.116,1.0,8.620689655172413,91201|91502|91501|91202|91506
Ethanol,interaction,1052,91201,5,3.07720369410608,2,2025-07-01,7,1.3773764258555132,5.082125603864735,13,5.7725558521281,0.114,1.0,8.771929824561402,91201|91502|91501|91202|91506
Cocaine,interaction,1454,91326,24,13.705531106487578,1,2025-10-01,20,8.428473177441541,2.372909016727866,67,5.757243908714059,0.126,1.0,7.936507936507937,91326|91344|91311|91324|91325|91345|91306|91304|91343|91335|91303|91406|91340|91342|91321|91402|91381|91307|91331|91356|91367|91316|91405|91364
Diphenhydramine,interaction,36,90024,17,6.34675947302713,3,2025-04-01,4,0.4444444444444444,9.0,56,5.417361808294434,0.003,0.138,333.3333333333333,90024|90095|90073|90025|90049|90067|90064|90212|90210|90077|90404|90034|90035|90211|90232|90048|90403
Medicines and other,interaction,1289,91201,5,3.07720369410608,2,2025-07-01,7,1.6128782001551591,4.34006734006734,13,4.899394314847219,0.326,1.0,3.067484662576687,91201|91502|91501|91202|91506
Dissociatives,interaction,429,90505,3,3.026511189356021,1,2025-10-01,3,0.2447552447552447,12.257142857142856,8,4.771953646981311,0.201,1.0,4.975124378109452,90505|90503|90501
Depressants,interaction,926,90305,19,7.50792771847764,3,2025-04-01,35,19.95680345572354,1.753787878787879,142,4.744611118078955,0.33,1.0,3.0303030303030303,90305|90047|90303|90301|90043|90302|90304|90044|90056|90003|90250|90062|90061|90008|90045|90249|90037|90002|90001
Narcotic Analgesics,interaction,441,91324,6,5.150117128325027,2,2025-07-01,7,1.6802721088435375,4.165991902834008,35,4.7012920244662455,0.3,1.0,3.333333333333333,91324|91325|91335|91306|91311|91326
PCP,interaction,367,90501,5,4.031447398896455,1,2025-10-01,3,0.2534059945504087,11.838709677419354,9,4.677840425169535,0.182,1.0,5.494505494505495,90501|90502|90505|90717|90503
Antidepressants,interaction,105,90043,14,5.320846215484468,1,2025-10-01,3,0.2666666666666666,11.25,30,4.563752751299008,0.116,1.0,8.620689655172413,90043|90302|90056|90305|90062|90008|90047|90301|90037|90044|90303|90304|90018|90016
para-Fluorofentanyl,interaction,179,91402,6,5.003477761634501,4,2025-01-01,3,0.2681564245810056,11.1875,93,4.533532423434226,0.355,1.0,2.8169014084507045,91402|91343|91405|91331|91406|91401
Heroin,interaction,359,91790,3,3.706328454152465,1,2025-10-01,3,0.2785515320334262,10.77,9,4.419194376163244,0.334,1.0,2.994011976047904,91790|91706|91791
Depressants and Tranquilizers,interaction,481,90505,3,3.026511189356021,1,2025-10-01,3,0.2910602910602911,10.307142857142855,8,4.297218923605781,0.387,1.0,2.5839793281653747,90505|90503|90501
Other substances,interaction,185,90064,16,5.448253119106877,4,2025-01-01,11,4.010810810810811,2.742587601078167,89,4.245452048413567,0.237,1.0,4.219409282700422,90064|90025|90073|90024|90095|90067|90034|90232|90049|90066|90404|90212|90405|90230|90403|90035
Alprazolam,interaction,320,91403,45,13.23902672514669,4,2025-01-01,35,21.3125,1.6422287390029326,369,3.992922345726688,0.436,1.0,2.293577981651376,91403|91423|91411|91436|91401|91405|90077|91607|91316|91406|91604|91606|91601|91402|91356|91605|91602|90210|91343|91335|90095|91325|90069|90024|91352|90049|91505|90067|90073|91331|90046|90212|90068|90048|91324|91504|91506|90211|90025|91306|91364|90290|90028|91345|91344
Diazepam,interaction,54,91356,11,7.146873474729647,1,2025-10-01,2,0.1111111111111111,18.0,32,3.9253525747608338,0.174,1.0,5.74712643678161,91356|91316|91335|91436|91364|91306|91406|91367|91303|91325|90290
Prescription opioids,interaction,393,91324,6,5.150117128325027,2,2025-07-01,6,1.5267175572519085,3.93,35,3.764209646183037,0.693,1.0,1.443001443001443,91324|91325|91335|91306|91311|91326
Tramadol,interaction,44,90008,36,8.485730589124259,4,2025-01-01,5,1.1363636363636365,4.4,478,3.723997561946759,0.124,1.0,8.064516129032258,90008|90016|90062|90018|90043|90056|90019|90302|90037|90007|90232|90034|90035|90230|90305|90006|90047|90036|90005|90301|90010|90211|90020|90011|90044|90048|90015|90304|90212|90057|90045|90303|90003|90066|90004|90017
Prescription benzodiazepines,interaction,441,90049,10,5.444910133548236,1,2025-10-01,4,0.7233560090702947,5.529780564263323,13,3.576171688235536,0.788,1.0,1.269035532994924,90049|90073|90025|90095|90024|90404|90064|90403|90067|90401
Morphine,interaction,88,91306,3,3.539449900227217,2,2025-07-01,2,0.1363636363636363,14.666666666666668,27,3.52742394520068,0.349,1.0,2.865329512893983,91306|91303|91335
Benzodiazepines,interaction,474,90401,2,1.234807340272046,1,2025-10-01,3,0.3924050632911392,7.645161290322581,3,3.501815549339718,0.862,1.0,1.160092807424594,90401|90403
Clonazepam,interaction,44,90272,43,18.112554152360413,2,2025-07-01,4,0.7954545454545454,5.0285714285714285,129,3.377893555945688,0.157,1.0,6.369426751592357,90272|90402|90403|90401|90404|90049|90405|90073|90025|90290|90291|90095|90024|90064|90077|90292|90066|90067|91302|91364|91356|90212|90210|91436|91316|90232|90094|90034|90230|90293|91403|91367|90035|90211|91423|90048|90069|91335|91411|91303|90045|91306|91406
Antihistamines,interaction,62,90024,33,10.484649465419327,5,2024-10-01,7,2.2580645161290325,3.1,211,3.371258378569789,0.388,1.0,2.5773195876288657,90024|90095|90073|90025|90049|90067|90064|90212|90210|90077|90404|90034|90035|90211|90232|90048|90403|90069|90066|90401|90405|90402|90291|90230|90036|90046|90016|90292|91423|90094|90272|91604|91403
Hydrocodone,interaction,106,90601,61,17.76316034132999,1,2025-10-01,4,0.7924528301886793,5.047619047619048,84,3.3175196139499503,0.505,1.0,1.98019801980198,90601|90602|90606|90660|91733|91745|91746|90640|91732|90605|91731|90603|91770|90670|90604|91755|90240|91754|91744|90040|91776|90631|91706|90022|90241|91790|91780|90650|91803|90638|91801|91792|91775|91748|90242|90201|91006|91007|90270|91791|90063|90023|90701|91010|91016|90032|91030|90706|90703|91722|91723|91107|90280|90033|91024|91789|91106|90255|90723|90031|91702
Ketamine,interaction,58,91307,34,21.359673728450776,1,2025-10-01,3,0.4310344827586206,6.960000000000001,69,3.3097639939769503,0.241,1.0,4.149377593360996,91307|91304|91303|91367|91364|91306|91311|91302|91335|90290|91324|91356|91325|91316|91326|91406|91301|91436|91344|91343|91362|91411|91403|91405|91402|91401|91345|90272|91361|91423|90077|91331|91340|91381
Amphetamine,interaction,79,90026,17,4.75615344704187,3,2025-04-01,9,3.4556962025316458,2.604395604395604,337,3.2791223958593863,0.246,1.0,4.065040650406504,90026|90057|90017|90071|90004|90020|90012|90029|90010|90013|90006|90014|90005|90015|90027|90039|90021
Trazodone,interaction,33,90008,18,6.3137658258598055,3,2025-04-01,4,0.8484848484848485,4.714285714285714,113,3.2106409819748336,0.136,1.0,7.352941176470588,90008|90016|90062|90018|90043|90056|90019|90302|90037|90007|90232|90034|90035|90230|90305|90006|90047|90036
Cutting agents and adulterants,interaction,59,90037,10,5.029328479913874,2,2025-07-01,3,0.4745762711864407,6.321428571428571,82,3.0617001532449533,0.442,1.0,2.262443438914027,90037|90062|90011|90007|90018|90015|90043|90003|90006|90008
Inhalants,interaction,22,90272,36,16.403158469367355,1,2025-10-01,2,0.1818181818181818,11.0,51,3.055563005804148,0.166,1.0,6.024096385542168,90272|90402|90403|90401|90404|90049|90405|90073|90025|90290|90291|90095|90024|90064|90077|90292|90066|90067|91302|91364|91356|90212|90210|91436|91316|90232|90094|90034|90230|90293|91403|91367|90035|90211|91423|90048
Codeine,interaction,50,90003,7,4.748619910601368,1,2025-10-01,2,0.18,11.11111111111111,30,3.029547268848857,0.434,1.0,2.3041474654377883,90003|90044|90001|90002|90047|90061|90037
Mitragynine,interaction,54,91040,3,6.068232653135683,1,2025-10-01,1,0.0185185185185185,54.0,6,3.0164796971498578,0.794,1.0,1.2594458438287153,91040|91042|91352
Fentanyl analogs,interaction,300,91402,6,5.003477761634501,4,2025-01-01,5,1.38,3.6231884057971016,93,2.838802867509024,0.972,1.0,1.02880658436214,91402|91343|91405|91331|91406|91401
Methadone,interaction,44,91321,14,15.271837555337374,2,2025-07-01,2,0.2272727272727272,8.8,34,2.6131671563977834,0.643,1.0,1.5552099533437014,91321|91381|91355|91351|91350|91354|91387|91342|91326|91344|91340|91345|91384|91311
Lorazepam,interaction,35,90045,4,3.883853810281929,1,2025-10-01,1,0.0285714285714285,35.0,3,2.597538244621742,0.85,1.0,1.1764705882352942,90045|90245|90094|90301
Antipsychotics,interaction,55,90018,15,5.365300530844325,1,2025-10-01,3,0.5818181818181818,5.15625,51,2.5569893032849267,0.693,1.0,1.443001443001443,90018|90019|90007|90062|90008|90006|90016|90005|90037|90010|90020|90015|90057|90043|90036
Lidocaine,interaction,39,90067,26,8.759291326273283,1,2025-10-01,2,0.2564102564102564,7.800000000000001,39,2.404493537932951,0.617,1.0,1.6207455429497568,90067|90212|90024|90095|90210|90211|90035|90064|90048|90025|90034|90073|90069|90232|90049|90036|90077|90046|90016|90066|90404|90230|90019|90403|90038|90028
MDMA,interaction,51,91343,21,9.121051240844288,1,2025-10-01,4,1.0980392156862746,3.6428571428571423,59,2.355176568575048,0.571,1.0,1.7513134851138354,91343|91402|91406|91405|91325|91344|91345|91331|91411|91324|91401|91340|91335|91605|91316|91436|91403|91342|91326|91352|91356
Oxycodone,interaction,102,90094,13,6.787509997508141,2,2025-07-01,3,0.6274509803921569,4.78125,31,2.349540076065776,0.917,1.0,1.0905125408942202,90094|90292|90293|90066|90230|90045|90291|90232|90245|90056|90302|90405|90034
Carfentanil,interaction,22,90601,70,19.330552616770863,2,2025-07-01,2,0.2727272727272727,7.333333333333334,197,2.3281402177974315,0.235,1.0,4.25531914893617,90601|90602|90606|90660|91733|91745|91746|90640|91732|90605|91731|90603|91770|90670|90604|91755|90240|91754|91744|90040|91776|90631|91706|90022|90241|91790|91780|90650|91803|90638|91801|91792|91775|91748|90242|90201|91006|91007|90270|91791|90063|90023|90701|91010|91016|90032|91030|90706|90703|91722|91723|91107|90280|90033|91024|91789|91106|90255|90723|90031|91702|91105|90262|90058|91101|90042|90713|90715|90021|90012
Acetyl fentanyl,interaction,106,90037,1,0.0,1,2025-10-01,1,0.0377358490566037,26.5,4,2.3192631234119867,0.994,1.0,1.0060362173038229,90037
Hallucinogens,interaction,54,93243,45,71.20881217062286,4,2025-01-01,10,4.925925925925926,2.030075187969925,392,2.278513813865985,0.615,1.0,1.6260162601626016,93243|91384|93532|91354|91355|91350|91390|91381|91351|91321|91387|93536|91326|91311|91342|91344|91304|93534|91345|91340|93551|91324|93523|91307|93510|91325|91306|91303|91343|91331|91335|91362|91367|91402|91301|91361|91406|91364|93550|91356|91405|91316|91040|93535|91352
Citalopram,interaction,22,90401,59,18.535999052648428,2,2025-07-01,3,0.7272727272727273,4.125,173,2.1044476548950133,0.503,1.0,1.9880715705765408,90401|90403|90405|90404|90402|90291|90025|90049|90292|90073|90064|90066|90272|90024|90095|90094|90230|90293|90232|90067|90034|90212|90035|90077|90045|90210|90211|90056|90245|90048|90016|90069|90302|90008|90036|90301|90290|90304|90043|90019|90046|91403|91436|91423|90266|90018|90305|90303|90250|90062|91604|91316|90038|91356|90028|90047|90005|90068|91411
Designer benzodiazepines,interaction,38,90716,15,10.111422088940932,1,2025-10-01,1,0.0526315789473684,19.0,16,2.008995896617926,0.999,1.0,1.001001001001001,90716|90715|90808|90703|90713|90701|90815|90712|90706|90650|90638|90804|90803|90755|90814
Bromazolam,interaction,33,90716,15,10.111422088940932,1,2025-10-01,1,0.0606060606060606,16.5,16,1.8774908495464508,0.99,1.0,1.0101010101010102,90716|90715|90808|90703|90713|90701|90815|90712|90706|90650|90638|90804|90803|90755|90814
Quetiapine,interaction,38,90008,13,5.9646195290232455,4,2025-01-01,3,0.7894736842105263,3.8,106,1.8614763167718704,0.928,1.0,1.0775862068965516,90008|90016|90062|90018|90043|90056|90019|90302|90037|90007|90232|90034|90035
Muscle relaxants,interaction,24,90304,56,13.872785153951195,4,2025-01-01,4,1.4583333333333333,2.742857142857143,462,1.64333702102279,0.944,1.0,1.0593220338983051,90304|90301|90303|90250|90305|90302|90045|90047|90043|90245|90056|90249|90260|90044|90266|90094|90061|90247|90230|90003|90278|90293|90008|90504|90062|90037|90248|90066|90254|90016|90232|90292|90002|90059|90001|90018|90034|90503|90011|90007|90019|90222|90291|90277|90220|90035|90255|90746|90064|90502|90006|90058|90501|90015|90405|90262
