as_of,node,level,n_leaves,window_q,observed,expected,n_study,llr,p_value,obs_exp,recurrence_interval,reference
2025-10-01,Dissociatives,family,4,5.0,203,155.8680055401662,433,10.756521447371455,0.0011,1.3023840222789544,909.090909090909,mentions
2025-10-01,Depressants and Tranquilizers,category,21,5.0,225,175.66648199445982,488,10.47615220998891,0.0014,1.280836261109254,714.2857142857143,mentions
2025-10-01,Lidocaine,substance,1,6.0,31,17.131371191135734,39,10.340458574708151,0.0015,1.8095457540515083,666.6666666666666,mentions
2025-10-01,PCP,substance,1,5.0,174,132.46980609418281,368,9.817591273365025,0.0027,1.3135068671897219,370.3703703703703,mentions
2025-10-01,Depressants,superclass,40,6.0,512,444.9763850415512,1013,8.931343647156176,0.0056,1.1506228582269376,178.57142857142858,mentions
2025-10-01,Prescription opioids,family,13,6.0,247,207.33351800554016,472,6.706465198672156,0.0525,1.1913172668656493,19.047619047619047,mentions
2025-10-01,Carfentanil,substance,1,6.0,18,9.663850415512465,22,6.690674390402952,0.0538,1.862611611941582,18.587360594795538,mentions
2025-10-01,Narcotic Analgesics,category,18,6.0,274,232.37167590027698,529,6.592274639408842,0.06,1.1791454312942509,16.666666666666668,mentions
2025-10-01,Cutting agents and adulterants,family,5,6.0,40,26.35595567867036,60,6.28533175004209,0.0919,1.5176835356561038,10.881392818280741,mentions
2025-10-01,Alprazolam,substance,1,6.0,171,140.5650969529086,320,5.820716926175201,0.1569,1.2165182090493458,6.373486297004461,mentions
2025-10-01,Medicines and other,superclass,123,6.0,712,647.0387119113573,1473,5.781340556309225,0.1656,1.1003978384797821,6.038647342995169,mentions
2025-10-01,Cocaine,substance,1,3.0,344,293.20554016620497,1464,5.283798858684342,0.2269,1.17323840403903,4.407227853680036,mentions
2025-10-01,Oxycodone,substance,1,6.0,61,44.80512465373961,102,5.173050175229891,0.2493,1.3614514069856225,4.011231448054553,mentions
2025-10-01,Stimulants,superclass,11,3.0,1344,1247.5254847645429,6229,4.577997237789063,0.4773,1.0773327009457172,2.0951183741881416,mentions
2025-10-01,Prescription benzodiazepines,family,11,6.0,243,213.04397506925207,485,3.727728628621694,0.781,1.140609585044639,1.2804097311139564,mentions
2025-10-01,Other substances,category,71,6.0,119,99.27409972299168,226,3.463266390292045,0.8209,1.1987013766133388,1.2181751735899622,mentions
2025-10-01,Inhalants,family,7,5.0,14,7.919390581717451,22,3.4535463037375465,0.8257,1.7678127951309945,1.2110936175366356,mentions
2025-10-01,Morphine,substance,1,6.0,51,39.0946675900277,89,3.2012326727484606,0.885,1.304525735704404,1.1299435028248588,mentions
2025-10-01,Nitrous oxide,substance,1,2.0,3,0.6464681440443212,5,3.048850423376274,0.9449,4.640599892876273,1.0583130489998942,mentions
2025-10-01,Trazodone,substance,1,6.0,21,14.495775623268697,33,2.5868596974537956,0.9815,1.4486979203990082,1.0188487009679061,mentions
2025-10-01,Hallucinogens,superclass,8,1.0,8,3.3251385041551247,55,2.5667219970741693,0.9824,2.4059148182859524,1.017915309446254,mentions
2025-10-01,Benzodiazepines,category,19,6.0,256,230.61461218836564,525,2.4759628817968498,0.9857,1.1100771003656074,1.0145074566298062,mentions
2025-10-01,MDMB-4en-PINACA,substance,1,6.0,3,1.317797783933518,3,2.4679508724387604,0.9912,2.276525303484156,1.0088781275221954,mentions
2025-10-01,Synthetic Cannabinoids,category,2,6.0,3,1.317797783933518,3,2.4679508724387604,0.9912,2.276525303484156,1.0088781275221954,mentions
2025-10-01,Promethazine,substance,1,6.0,3,1.317797783933518,3,2.4679508724387604,0.9912,2.276525303484156,1.0088781275221954,mentions
2025-10-01,Ethanol,substance,1,2.0,161,136.92195290858723,1059,2.320017716269703,0.9958,1.17585234931237,1.004217714400482,mentions
2025-10-01,Supplement,category,21,1.0,84,66.38185595567867,1098,2.30617735577383,0.996,1.2654060178143327,1.0040160642570282,mentions
2025-10-01,Phenethylamines (Amphetamines) (S),category,4,6.0,2162,2088.709487534626,4755,2.28771712088448,0.9962,1.0350888971888001,1.003814495081309,mentions
2025-10-01,Amphetamine,substance,1,2.0,17,10.214196675900276,79,2.2208854511686855,0.9974,1.664350172550562,1.0026067776218168,mentions
2025-10-01,Fluoxetine,substance,1,6.0,11,7.028254847645429,16,2.004313759861713,0.9989,1.565111146145357,1.0011012113324658,mentions
2025-10-01,MDMA,substance,1,1.0,7,3.1437673130193904,52,1.9035419113357506,0.9997,2.2266278967309896,1.000300090027008,mentions
2025-10-01,Chlordiazepoxide,substance,1,6.0,8,4.831925207756233,11,1.87124905744641,0.9998,1.6556547661702952,1.0002000400080016,mentions
2025-10-01,Analgesics,category,4,5.0,5,2.5198060941828255,7,1.8132415081633189,0.9999,1.9842796680041774,1.000100010001,mentions
2025-10-01,Methamphetamine,substance,1,6.0,2117,2052.689681440443,4673,1.7927765201456864,0.9999,1.031329781184669,1.000100010001,mentions
2025-10-01,"1,1-Difluoroethane",substance,1,4.0,8,4.4664819944598335,16,1.7361968411288777,1.0,1.7911188290746713,1.0,mentions
2025-10-01,Codeine,substance,1,6.0,29,22.402562326869806,51,1.7154514448602276,1.0,1.2944947804125593,1.0,mentions
2025-10-01,Antidepressants,category,16,6.0,70,59.740166204986146,136,1.5578975242069326,1.0,1.1717409650286097,1.0,mentions
2025-10-01,Hydrocodone,substance,1,6.0,56,47.001454293628804,107,1.522466997004381,1.0,1.1914524952814274,1.0,mentions
2025-10-01,Clozapine,substance,1,5.0,3,1.4398891966759002,4,1.262087834277517,1.0,2.0834936514043862,1.0,mentions
2025-10-01,Gabapentin,substance,1,2.0,3,1.1636426592797782,9,1.2390831471837855,1.0,2.5781110515979293,1.0,mentions
2025-10-01,Buprenorphine,substance,1,2.0,3,1.1636426592797782,9,1.2390831471837855,1.0,2.5781110515979293,1.0,mentions
2025-10-01,Ketamine,substance,1,5.0,27,21.238365650969527,59,1.1828986794273675,1.0,1.271284261873863,1.0,mentions
2025-10-01,Duloxetine,substance,1,5.0,4,2.15983379501385,6,1.1603154212458608,1.0,1.851994356803899,1.0,mentions
2025-10-01,Doxepin,substance,1,5.0,4,2.15983379501385,6,1.1603154212458608,1.0,1.851994356803899,1.0,mentions
2025-10-01,Citalopram,substance,1,1.0,3,1.3300554016620498,22,0.8395825053740591,1.0,2.2555451421430806,1.0,mentions
2025-10-01,Mitragynine,substance,1,5.0,24,19.438504155124654,54,0.8128662281318633,1.0,1.2346629045359325,1.0,mentions
2025-10-01,Antipsychotics,family,13,5.0,26,21.238365650969527,59,0.8115295484428389,1.0,1.2241996595822384,1.0,mentions
2025-10-01,Baclofen,substance,1,6.0,3,1.7570637119113572,4,0.7971188047242297,1.0,1.7073939776131168,1.0,mentions
2025-10-01,Amlodipine,substance,1,5.0,3,1.7998614958448753,5,0.5926138987230741,1.0,1.6667949211235091,1.0,mentions
2025-10-01,Z-drugs,family,2,5.0,3,1.7998614958448753,5,0.5926138987230741,1.0,1.6667949211235091,1.0,mentions
2025-10-01,Zolpidem,substance,1,5.0,3,1.7998614958448753,5,0.5926138987230741,1.0,1.6667949211235091,1.0,mentions
2025-10-01,Acetaminophen,substance,1,5.0,3,1.7998614958448753,5,0.5926138987230741,1.0,1.6667949211235091,1.0,mentions
2025-10-01,Venlafaxine,substance,1,6.0,5,3.5141274238227145,8,0.5562710810828528,1.0,1.4228283146775975,1.0,mentions
2025-10-01,Olanzapine,substance,1,2.0,3,1.6808171745152352,13,0.49885871419645333,1.0,1.7848461126447204,1.0,mentions
2025-10-01,Gabapentinoids,family,2,2.0,3,1.6808171745152352,13,0.49885871419645333,1.0,1.7848461126447204,1.0,mentions
2025-10-01,Hydroxyzine,substance,1,6.0,10,7.9067867036011075,18,0.48926261546300354,1.0,1.26473627971342,1.0,mentions
2025-10-01,Bupropion,substance,1,4.0,7,5.303947368421053,19,0.35579958516457477,1.0,1.319771768791863,1.0,mentions
2025-10-01,Lorazepam,substance,1,4.0,12,9.770429362880886,35,0.3385366930738072,1.0,1.228195768508346,1.0,mentions
2025-10-01,Cardiovascular medications,family,23,6.0,12,10.103116343490305,23,0.31475793999040813,1.0,1.187752332252603,1.0,mentions
2025-10-01,Clonazepam,substance,1,1.0,4,2.6601108033240997,44,0.31376954152272996,1.0,1.5036967614287202,1.0,mentions
2025-10-01,Methadone,substance,1,1.0,4,2.7810249307479222,46,0.2522785186948855,1.0,1.438318641366602,1.0,mentions
2025-10-01,Ephedrine,substance,1,6.0,4,3.0748614958448752,7,0.24576996263048723,1.0,1.300871601990946,1.0,mentions
2025-10-01,Other,category,11,5.0,3,2.15983379501385,6,0.24503297142628977,1.0,1.3889957676029243,1.0,mentions
2025-10-01,Xylazine,substance,1,6.0,5,3.9533933518005537,9,0.24463130773150177,1.0,1.26473627971342,1.0,mentions
2025-10-01,Diazepam,substance,1,6.0,26,23.720360110803323,54,0.19424362142903018,1.0,1.0961047757516307,1.0,mentions
2025-10-01,Antihistamines,family,9,6.0,33,30.74861495844875,70,0.14631984774740037,1.0,1.0732190716425307,1.0,mentions
2025-10-01,Heroin,substance,1,4.0,105,101.05415512465373,362,0.10603753465236565,1.0,1.0390468345460802,1.0,mentions
2025-10-01,Quetiapine,substance,1,1.0,3,2.357825484764543,39,0.08610337980402971,1.0,1.2723587981319942,1.0,mentions
2025-10-01,Hydromorphone,substance,1,2.0,3,2.4565789473684205,19,0.06513123805192111,1.0,1.221210498125335,1.0,mentions
2025-10-01,Metoprolol,substance,1,6.0,3,2.635595567867036,6,0.04459332136119709,1.0,1.138262651742078,1.0,mentions
2025-10-01,Muscle relaxants,family,7,6.0,11,10.542382271468144,24,0.017661558262617172,1.0,1.0434074307635715,1.0,mentions
2025-10-01,Tramadol,substance,1,1.0,3,2.720567867036011,45,0.014808282446414134,1.0,1.1027109583810615,1.0,mentions
2025-10-01,Diphenhydramine,substance,1,6.0,16,15.813573407202215,36,0.0019581107171353085,1.0,1.0117890237707359,1.0,mentions
2025-10-01,root,root,211,4.0,4031,4030.9999999999995,14440,8.950618024528011e-13,1.0,1.0000000000000002,1.0,mentions
2025-10-01,Barbiturates,family,4,,0,0.24182825484764542,4,0.0,1.0,0.0,1.0,mentions
2025-10-01,Fentanyl and Fentanyl-related,category,9,,233,288.80339335180054,4777,0.0,1.0,0.8067772241033724,1.0,mentions
2025-10-01,Opioids,superclass,29,,280,342.7915512465374,5670,0.0,1.0,0.8168229321341196,1.0,mentions
2025-10-01,Fentanyl analogs,family,8,,8,19.10443213296399,316,0.0,1.0,0.41875099685356765,1.0,mentions
2025-10-01,Novel synthetic opioids,family,4,,0,0.18137119113573408,3,0.0,1.0,0.0,1.0,mentions
2025-10-01,Nitazenes,family,2,,0,0.18137119113573408,3,0.0,1.0,0.0,1.0,mentions
2025-10-01,Designer benzodiazepines,family,8,,2,2.418282548476454,40,0.0,1.0,0.8270332187857962,1.0,mentions
2025-10-01,Chlorcyclizine,substance,1,,1,0.30228531855955676,5,0.0,1.0,3.3081328751431847,1.0,mentions
2025-10-01,Carbon monoxide,substance,1,,0,0.12091412742382271,2,0.0,1.0,0.0,1.0,mentions
2025-10-01,Buspirone,substance,1,,0,0.060457063711911355,1,0.0,1.0,0.0,1.0,mentions
2025-10-01,Butalbital,substance,1,,0,0.060457063711911355,1,0.0,1.0,0.0,1.0,mentions
2025-10-01,Cannabis,substance,1,,1,0.18137119113573408,3,0.0,1.0,5.513554791905308,1.0,mentions
2025-10-01,Chlorpheniramine,substance,1,,0,0.060457063711911355,1,0.0,1.0,0.0,1.0,mentions
2025-10-01,Chloroethane,substance,1,,0,0.060457063711911355,1,0.0,1.0,0.0,1.0,mentions
2025-10-01,Carisoprodol,substance,1,,0,0.12091412742382271,2,0.0,1.0,0.0,1.0,mentions
2025-10-01,Atenolol,substance,1,,0,0.060457063711911355,1,0.0,1.0,0.0,1.0,mentions
2025-10-01,Benazepril,substance,1,,0,0.060457063711911355,1,0.0,1.0,0.0,1.0,mentions
2025-10-01,Atomoxetine,substance,1,,0,0.060457063711911355,1,0.0,1.0,0.0,1.0,mentions
2025-10-01,Amitriptyline,substance,1,,0,0.060457063711911355,1,0.0,1.0,0.0,1.0,mentions
2025-10-01,Acetyl fentanyl,substance,1,,4,6.529362880886426,108,0.0,1.0,0.6126171991005898,1.0,mentions
2025-10-01,Fluvoxamine,substance,1,,0,0.060457063711911355,1,0.0,1.0,0.0,1.0,mentions
2025-10-01,GHB,substance,1,,0,0.18137119113573408,3,0.0,1.0,0.0,1.0,mentions
2025-10-01,Flubromazepam,substance,1,,0,0.060457063711911355,1,0.0,1.0,0.0,1.0,mentions
2025-10-01,Flubromazolam,substance,1,,0,0.060457063711911355,1,0.0,1.0,0.0,1.0,mentions
2025-10-01,Flualprazolam,substance,1,,0,0.12091412742382271,2,0.0,1.0,0.0,1.0,mentions
2025-10-01,Etizolam,substance,1,,0,0.18137119113573408,3,0.0,1.0,0.0,1.0,mentions
2025-10-01,Fentanyl,substance,1,,225,269.69896121883653,4461,0.0,1.0,0.8342635024739034,1.0,mentions
2025-10-01,Flecainide,substance,1,,0,0.12091412742382271,2,0.0,1.0,0.0,1.0,mentions
2025-10-01,Estazolam,substance,1,,0,0.060457063711911355,1,0.0,1.0,0.0,1.0,mentions
2025-10-01,Escitalopram,substance,1,,0,0.060457063711911355,1,0.0,1.0,0.0,1.0,mentions
2025-10-01,Ethylene Glycol,substance,1,,0,0.12091412742382271,2,0.0,1.0,0.0,1.0,mentions
2025-10-01,Clonidine,substance,1,,0,0.060457063711911355,1,0.0,1.0,0.0,1.0,mentions
2025-10-01,Desloratadine,substance,1,,0,0.060457063711911355,1,0.0,1.0,0.0,1.0,mentions
2025-10-01,Dextromethorphan,substance,1,,0,0.36274238227146816,6,0.0,1.0,0.0,1.0,mentions
2025-10-01,Dipyrone,substance,1,,0,0.12091412742382271,2,0.0,1.0,0.0,1.0,mentions
2025-10-01,Doxylamine,substance,1,,1,0.36274238227146816,6,0.0,1.0,2.756777395952654,1.0,mentions
2025-10-01,Clobazam,substance,1,,0,0.060457063711911355,1,0.0,1.0,0.0,1.0,mentions
2025-10-01,Clomipramine,substance,1,,1,0.060457063711911355,1,0.0,1.0,16.540664375715924,1.0,mentions
2025-10-01,Cyclobenzaprine,substance,1,,0,0.7254847645429363,12,0.0,1.0,0.0,1.0,mentions
2025-10-01,Arsenic,substance,1,,0,0.060457063711911355,1,0.0,1.0,0.0,1.0,mentions
2025-10-01,Aripiprazole,substance,1,,0,0.060457063711911355,1,0.0,1.0,0.0,1.0,mentions
2025-10-01,Bromazolam,substance,1,,2,1.9950831024930746,33,0.0,1.0,1.002464507619147,1.0,mentions
2025-10-01,Benzylfentanyl,substance,1,,0,0.30228531855955676,5,0.0,1.0,0.0,1.0,mentions
2025-10-01,Benztropine,substance,1,,0,0.060457063711911355,1,0.0,1.0,0.0,1.0,mentions
2025-10-01,MDA,substance,1,,0,0.18137119113573408,3,0.0,1.0,0.0,1.0,mentions
2025-10-01,Loperamide,substance,1,,1,0.18137119113573408,3,0.0,1.0,5.513554791905308,1.0,mentions
2025-10-01,Levamisole,substance,1,,1,0.4231994459833795,7,0.0,1.0,2.362952053673703,1.0,mentions
2025-10-01,Lamotrigine,substance,1,,0,0.18137119113573408,3,0.0,1.0,0.0,1.0,mentions
2025-10-01,Hydroxychloroquine,substance,1,,0,0.12091412742382271,2,0.0,1.0,0.0,1.0,mentions
2025-10-01,Labetalol,substance,1,,0,0.060457063711911355,1,0.0,1.0,0.0,1.0,mentions
2025-10-01,Lacosamide,substance,1,,0,0.060457063711911355,1,0.0,1.0,0.0,1.0,mentions
2025-10-01,Methocarbamol,substance,1,,0,0.24182825484764542,4,0.0,1.0,0.0,1.0,mentions
2025-10-01,Oxazepam,substance,1,,0,0.18137119113573408,3,0.0,1.0,0.0,1.0,mentions
2025-10-01,Nortriptyline,substance,1,,0,0.24182825484764542,4,0.0,1.0,0.0,1.0,mentions
2025-10-01,Naloxone,substance,1,,1,0.12091412742382271,2,0.0,1.0,8.270332187857962,1.0,mentions
2025-10-01,Nicotine,substance,1,,0,0.18137119113573408,3,0.0,1.0,0.0,1.0,mentions
2025-10-01,Metonitazene,substance,1,,0,0.060457063711911355,1,0.0,1.0,0.0,1.0,mentions
2025-10-01,Metoclopramide,substance,1,,0,0.18137119113573408,3,0.0,1.0,0.0,1.0,mentions
2025-10-01,Midazolam,substance,1,,0,0.24182825484764542,4,0.0,1.0,0.0,1.0,mentions
2025-10-01,Mirtazapine,substance,1,,0,0.7859418282548476,13,0.0,1.0,0.0,1.0,mentions
2025-10-01,Pregabalin,substance,1,,0,0.24182825484764542,4,0.0,1.0,0.0,1.0,mentions
2025-10-01,Phenylpropanolamine,substance,1,,0,0.060457063711911355,1,0.0,1.0,0.0,1.0,mentions
2025-10-01,Propranolol,substance,1,,0,0.30228531855955676,5,0.0,1.0,0.0,1.0,mentions
2025-10-01,Oxymorphone,substance,1,,0,0.18137119113573408,3,0.0,1.0,0.0,1.0,mentions
2025-10-01,Phenobarbital,substance,1,,0,0.060457063711911355,1,0.0,1.0,0.0,1.0,mentions
2025-10-01,Phentermine,substance,1,,0,0.12091412742382271,2,0.0,1.0,0.0,1.0,mentions
2025-10-01,Paroxetine,substance,1,,0,0.30228531855955676,5,0.0,1.0,0.0,1.0,mentions
2025-10-01,Pentobarbital,substance,1,,0,0.060457063711911355,1,0.0,1.0,0.0,1.0,mentions
2025-10-01,Secobarbital,substance,1,,0,0.060457063711911355,1,0.0,1.0,0.0,1.0,mentions
2025-10-01,Salicylate,substance,1,,0,0.18137119113573408,3,0.0,1.0,0.0,1.0,mentions
2025-10-01,Rosuvastatin,substance,1,,1,0.060457063711911355,1,0.0,1.0,16.540664375715924,1.0,mentions
2025-10-01,Protonitazene,substance,1,,0,0.12091412742382271,2,0.0,1.0,0.0,1.0,mentions
2025-10-01,Prochlorperazine,substance,1,,0,0.060457063711911355,1,0.0,1.0,0.0,1.0,mentions
2025-10-01,Tizanidine,substance,1,,0,0.12091412742382271,2,0.0,1.0,0.0,1.0,mentions
2025-10-01,Sertraline,substance,1,,1,0.7254847645429363,12,0.0,1.0,1.378388697976327,1.0,mentions
2025-10-01,Tapentadol,substance,1,,0,0.060457063711911355,1,0.0,1.0,0.0,1.0,mentions
2025-10-01,Valproic Acid,substance,1,,0,0.18137119113573408,3,0.0,1.0,0.0,1.0,mentions
2025-10-01,Topiramate,substance,1,,0,0.060457063711911355,1,0.0,1.0,0.0,1.0,mentions
2025-10-01,Temazepam,substance,1,,0,0.7254847645429363,12,0.0,1.0,0.0,1.0,mentions
2025-10-01,Vancomycin,substance,1,,0,0.060457063711911355,1,0.0,1.0,0.0,1.0,mentions
2025-10-01,Vilazodone,substance,1,,0,0.060457063711911355,1,0.0,1.0,0.0,1.0,mentions
2025-10-01,Zinc,substance,1,,0,0.060457063711911355,1,0.0,1.0,0.0,1.0,mentions
2025-10-01,Ziprasidone,substance,1,,0,0.060457063711911355,1,0.0,1.0,0.0,1.0,mentions
2025-10-01,para-Fluorofentanyl,substance,1,,3,10.942728531855956,181,0.0,1.0,0.2741546581610374,1.0,mentions
