substance,as_of,nb_trend_z,nb_trend_slope,nb_trend_dispersion,nb_trend_own_z,nb_trend_own_slope,n_recent,n_baseline,emergent,ears_z,nb_trend_alarm,ears_alarm
Methamphetamine,2025-10-01,4.0245692485149185,0.05173247396125558,1.0,-4.08594222714253,-0.07624102628667041,1851,4361,False,1.1655795584001052,True,False
PCP,2025-10-01,3.5507639998126814,0.1872584562413384,1.0,1.077895370248787,0.056166836547196015,137,232,False,2.5101653906591332,True,False
Alprazolam,2025-10-01,2.223976742940362,0.17951166969823826,2.0453202613656987,0.5630923579700722,0.04860360226839035,111,211,False,1.1190265568201874,True,False
Ethanol,2025-10-01,1.9835643767767923,0.05638018524515274,1.0,-2.5510807211204463,-0.07169697578948447,385,885,False,1.1331410145078826,True,False
MDMB-4en-PINACA,2025-10-01,1.878714354827816,1.3467901096130777,1.0,1.6771317535166335,1.1811872191055335,2,2,False,0.711936272772345,False,False
Oxycodone,2025-10-01,1.8750974520231716,0.21888593843930731,1.456122594035915,0.7565413305069107,0.08703824689076646,37,73,False,0.4916092810425185,False,False
Chlordiazepoxide,2025-10-01,1.783500709305659,0.5938784909952922,1.0511600628542135,1.3527830417244406,0.45224195711250864,6,5,False,1.309820977600029,False,False
Amphetamine,2025-10-01,1.7808935687583227,0.2933954070624869,2.684207492385956,1.0037414418493333,0.15972397963465496,33,70,False,0.24576559473210485,False,False
Codeine,2025-10-01,1.7511196568162624,0.26721090013828763,1.1682130358592577,0.8763014311481151,0.134187195540564,16,36,False,0.14426573829673614,False,False
Lidocaine,2025-10-01,1.67659377334257,0.5428169711169918,1.203921066490884,1.2458319012124546,0.40260319246970194,5,8,False,0.38956376068881776,False,False
Cocaine,2025-10-01,1.643704349543328,0.06219360677151249,2.486122349075256,-1.6885864236736035,-0.06601354243022863,565,1216,False,1.5533646107623105,False,False
Trazodone,2025-10-01,1.5456412887151347,0.2699287085389646,1.0,0.7933793924375094,0.13683811772075366,11,23,False,0.29798831883574406,False,False
Nitrous oxide,2025-10-01,1.4952085324434765,0.970141864650695,1.4156449797798367,1.3060618113882603,0.817170654954119,4,1,False,2.3309654501302535,False,False
Naloxone,2025-10-01,1.4199810286642318,4.028960259833423,1.0,1.3452802726036146,3.7923632687352176,2,0,False,1.2751973989781702,False,False
Ketamine,2025-10-01,1.4145345157959477,0.17768047090553377,1.0,0.3771887590857098,0.046815697678755534,20,45,False,0.272457950920234,False,False
"1,1-Difluoroethane",2025-10-01,1.3598215176941926,0.35458783529873017,1.0298136522008519,0.8251851977152868,0.2193738247249252,8,8,False,1.5556446931789005,False,False
Carfentanil,2025-10-01,1.3399392995493355,0.5671685522036675,3.9119333286154387,1.0131721063175383,0.4262797846399589,12,13,False,0.6442630910708945,False,False
Olanzapine,2025-10-01,1.3362700907901766,0.3737651529150417,1.178619828141695,0.845490038089094,0.23805936571979194,5,11,False,0.134887662290749,False,False
Mitragynine,2025-10-01,1.3077247398748606,0.20804881717622528,1.3538963626966005,0.45750061915527007,0.07646140362865443,18,37,False,0.40326762416054723,False,False
Acetaminophen,2025-10-01,1.1500435289384026,0.5938784904754885,1.149116833510892,0.8732019641911399,0.4522419569695992,2,3,False,0.3117060563294069,False,False
Nicotine,2025-10-01,1.104427465649825,0.7094780748376212,1.0,0.8919716808002034,0.5645163967312271,2,1,False,1.0144166239021821,False,False
Amitriptyline,2025-10-01,1.040750317198446,2.5951984599210087,1.0,0.9715656136323617,2.387642803810538,1,0,False,0.6375986994890851,False,False
Ziprasidone,2025-10-01,1.040750317198446,2.5951984599210087,1.0,0.9715656136323617,2.387642803810538,1,0,False,0.6375986994890851,False,False
Lacosamide,2025-10-01,1.040750317198446,2.5951984599210087,1.0,0.9715656136323617,2.387642803810538,1,0,False,0.6375986994890851,False,False
Desloratadine,2025-10-01,1.040750317198446,2.5951984599210087,1.0,0.9715656136323617,2.387642803810538,1,0,False,0.6375986994890851,False,False
Aripiprazole,2025-10-01,1.040750317198446,2.5951984599210087,1.0,0.9715656136323617,2.387642803810538,1,0,False,0.6375986994890851,False,False
Zolpidem,2025-10-01,0.9906277485530851,0.4634940114435491,1.0,0.7050359348542555,0.32543420220849323,2,3,False,0.4228864406418916,False,False
Atenolol,2025-10-01,0.9761011908995186,1.5069010856115246,1.0,0.8809076613303346,1.3356767349006151,1,0,False,0.6375986994890851,False,False
Prochlorperazine,2025-10-01,0.9761011908995186,1.5069010856115246,1.0,0.8809076613303346,1.3356767349006151,1,0,False,0.6375986994890851,False,False
Promethazine,2025-10-01,0.9761011908995186,1.5069010856115246,1.0,0.8809076613303346,1.3356767349006151,1,0,False,0.6375986994890851,False,False
Fluoxetine,2025-10-01,0.9566026579555609,0.26208065323333296,1.3046439734354172,0.4850064455565525,0.1291829889255966,5,13,False,-0.08578959049227547,False,False
Carisoprodol,2025-10-01,0.9046913123411757,0.970141861254186,1.5467390059504473,0.757407082568968,0.8171706537518338,2,0,False,1.2751973989781702,False,False
Salicylate,2025-10-01,0.7991326689140859,0.48471983927898954,1.0,0.578430061157955,0.346090367429518,1,2,False,0.109120966534782,False,False
Butalbital,2025-10-01,0.7955984723486721,0.9701418551758357,1.0,0.6811407241441204,0.8171706513438883,1,0,False,0.6375986994890851,False,False
Citalopram,2025-10-01,0.7927492053018383,0.23788408970937788,1.9198517672102047,0.3561481259834873,0.10557706672932302,5,17,False,-0.2713315087132718,False,False
Hydrocodone,2025-10-01,0.7534764944228187,0.0856583732955341,1.400508844172398,-0.37443899447522055,-0.04307714840299068,32,79,False,0.05036071175484055,False,False
Chlorcyclizine,2025-10-01,0.7391433791172833,0.5938784889144147,1.1127442341339422,0.5897521286661364,0.45224195644869564,1,1,False,0.3787845969249824,False,False
Clonazepam,2025-10-01,0.6334121946728971,0.13648406049919884,1.9954563578512676,0.030602891845794022,0.006583756276717992,11,33,False,-0.22738548199488162,False,False
Duloxetine,2025-10-01,0.6333547521120101,0.36553378566337186,2.2004757394064183,0.38703274838431373,0.23003956927107042,1,6,False,-0.30473767823301817,False,False
Cannabis,2025-10-01,0.5782383832757079,0.43197212623582015,1.0315879757751492,0.3989642056567739,0.2947492609193807,1,1,False,0.4088070328224183,False,False
Morphine,2025-10-01,0.5419753429382498,0.11569825911497429,4.2293896005687825,-0.06567740316740908,-0.01372233750434842,30,65,False,0.17863363768403956,False,False
Clozapine,2025-10-01,0.5136957518835819,0.27877050846575274,1.701343861171873,0.26435076333778407,0.14546176706784913,2,4,False,0.15286973795608605,False,False
Venlafaxine,2025-10-01,0.5127730109784892,0.17920408805086713,1.0717111005640763,0.13790176167943388,0.048303295198387095,3,6,False,0.1988800159160863,False,False
Gabapentin,2025-10-01,0.4890679587251219,0.17920408805086802,1.1781202598782514,0.13804477276114413,0.04830329519838708,3,6,False,0.19702890022193642,False,False
Bromazolam,2025-10-01,0.3908627452694276,0.09829266168086857,2.0382174149384142,-0.11981276360747414,-0.030729809217596434,7,26,False,-0.41782231160304156,False,False
Lorazepam,2025-10-01,0.37777243107769054,0.09161519405255368,2.0100192056791415,-0.1521778752884232,-0.03725540469260932,12,23,False,0.3760476984710475,False,False
MDMA,2025-10-01,0.3474014438972004,0.06051420471434011,1.7748731417673134,-0.39479726028022943,-0.0676553556292138,22,38,False,0.7445673365915259,False,False
Hydroxyzine,2025-10-01,0.3200903524161313,0.11327054060372108,2.201981621396297,-0.044694280184963804,-0.01609433035855823,2,16,False,-0.6927721243641299,False,False
Loperamide,2025-10-01,0.306480887076459,0.17920408791774495,1.0,0.08360442623132623,0.04830329516682863,1,2,False,0.135942789162998,False,False
Doxepin,2025-10-01,0.2997413509898046,0.15092984672488194,1.7329372734669732,0.0400353086903916,0.02069342037209382,1,6,False,-0.367402365806575,False,False
Bupropion,2025-10-01,0.25594859638857864,0.05947157792413171,1.0,-0.29891711412140975,-0.06867466134963293,7,12,False,0.6026598376681763,False,False
Dextromethorphan,2025-10-01,0.1504611791827511,0.08031130132613129,1.6684676088403159,-0.0887285942273331,-0.04830329519165661,2,4,False,0.14164187556448224,False,False
Pregabalin,2025-10-01,0.11732917352011774,0.08031130132613169,2.7438140720127775,-0.06881597931538318,-0.04830329519165656,1,5,False,-0.21813399122689345,False,False
Buprenorphine,2025-10-01,0.11603558110592861,0.047301584703014495,1.4565805635325213,-0.2098532869051339,-0.08057330765081164,4,5,False,0.6074256852399642,False,False
Lamotrigine,2025-10-01,0.10370275425871132,0.0803113013827363,1.7561278308707569,-0.06463133939220617,-0.0483032951668286,1,2,False,0.08194293632421903,False,False
Xylazine,2025-10-01,0.09847944428823843,0.04068989856153061,1.661694222182242,-0.2138151770283452,-0.08703824687943695,2,8,False,-0.32053200040541324,False,False
Propranolol,2025-10-01,0.08229015353707107,0.04068989862896618,1.1899166711566056,-0.18102572910306794,-0.08703824685696507,1,4,False,-0.25654274395706983,False,False
Hydromorphone,2025-10-01,0.042905394267649624,0.01088246815223362,1.2482846757863055,-0.45110828543883236,-0.11618996433523346,4,16,False,-0.4472351801130034,False,False
Quetiapine,2025-10-01,0.040050788076042634,0.009733975264469836,2.9795512517462486,-0.4825534440419851,-0.1173133846816973,13,39,False,-0.20876911131167242,False,False
Rosuvastatin,2025-10-01,0.012588611986610229,51.76788963846864,1.0,0.012255130287967814,51.69272759151726,2,0,False,1.2751973989781702,False,False
Clomipramine,2025-10-01,0.012588611986610229,51.76788963846864,1.0,0.012255130287967814,51.69272759151726,2,0,False,1.2751973989781702,False,False
Amlodipine,2025-10-01,-0.04068334234498005,-0.019037848426282197,1.480764296180416,-0.31058798063728305,-0.14546176707704608,2,5,False,0.02640359380394439,False,False
Diazepam,2025-10-01,-0.0990866856493923,-0.01358797210402185,1.0,-1.0330587356039163,-0.14012929069449678,16,39,False,0.10553477076811299,False,False
Diphenhydramine,2025-10-01,-0.1414883261031796,-0.027147907547419765,1.3141231483095315,-0.7852024754778218,-0.1533977195638511,6,31,False,-0.9186665362902027,False,False
Mirtazapine,2025-10-01,-0.16127086889841635,-0.06536293938856848,2.045110137347949,-0.48663575744535537,-0.19080201875869807,3,10,False,-0.18620188101930002,False,False
MDA,2025-10-01,-0.37049688934263875,-0.22384020340713617,1.0,-0.5784300611579554,-0.34609036742951815,1,2,False,0.12532263237549945,False,False
Doxylamine,2025-10-01,-0.4051610416260425,-0.17147675233299398,1.0,-0.7034332269137121,-0.2947492612653978,1,5,False,-0.3715300714625487,False,False
Methadone,2025-10-01,-0.5971843004876072,-0.1501837209438137,3.0215834494241056,-1.1758927667040646,-0.2738808829747149,13,38,False,-0.14837488207479788,False,False
Nortriptyline,2025-10-01,-0.6847604242773995,-0.3320020674197418,1.0236179741982308,-0.9381024572448768,-0.45224195696959957,2,3,False,0.4619043252185054,False,False
GHB,2025-10-01,-0.6992566213327729,-0.4462438901973249,1.0,-0.8919716808002034,-0.5645163967312271,1,2,False,0.15935524909889548,False,False
Heroin,2025-10-01,-0.8242144127029714,-0.04795808163856979,1.285286278244088,-2.973048339235067,-0.17376442387791363,115,280,False,0.280473205688518,False,False
Tramadol,2025-10-01,-1.0952803573665015,-0.16196084797281043,1.0,-1.949732598319869,-0.2854225022137125,10,39,False,-0.7540203140192898,False,False
Cyclobenzaprine,2025-10-01,-1.1171057271928662,-0.33200206795936776,1.0,-1.5355169224477672,-0.45224195712722076,2,11,False,-0.61749543469488,False,False
para-Fluorofentanyl,2025-10-01,-1.2883201103373187,-0.3320020682245261,10.583972978612564,-1.7652799237039647,-0.45224195717145,12,171,False,-1.3410351023833682,False,False
Acetyl fentanyl,2025-10-01,-1.5243052480483543,-0.36617228309961,5.334398775785653,-2.1033881678243422,-0.4858064627368711,28,80,False,-0.10412157171608226,False,False
Sertraline,2025-10-01,-1.8466885940585502,-0.5434957716960934,1.0,-2.260525999791987,-0.6602284641227638,2,13,False,-0.7393631442054176,False,False
Fentanyl,2025-10-01,-6.4318469565742395,-0.13104938705257854,2.0650489180003997,-9.996977604367306,-0.2551325044270299,1276,4004,False,-1.3552840249571996,False,False
